tau_pregoes,grupo,caar,ic95_inferior,ic95_superior,n_eventos,reamostragens,semente
0,Sentimento positivo extremo,-0.00594812597627,-0.0108746055998,-0.00132430646803,135,2000,42
1,Sentimento positivo extremo,-0.00139103800848,-0.00677552397879,0.00451207896507,135,2000,42
2,Sentimento positivo extremo,-0.00509028635572,-0.0125817606811,0.00322561614634,135,2000,42
3,Sentimento positivo extremo,-0.00404010574679,-0.0128323771887,0.00493800079884,135,2000,42
4,Sentimento positivo extremo,-0.00413621970829,-0.0129343906909,0.00555577075245,135,2000,42
0,Sentimento negativo extremo,0.00319570974967,0.00124390785769,0.0050796917129,135,2000,42
1,Sentimento negativo extremo,0.00350708368635,0.000918559785841,0.00601494189705,135,2000,42
2,Sentimento negativo extremo,0.00349421805584,0.000243284510782,0.00665278888147,135,2000,42
3,Sentimento negativo extremo,0.00362400784525,-0.000216370962734,0.00740899125165,135,2000,42
4,Sentimento negativo extremo,0.00243124287542,-0.00169360793872,0.00667542990781,135,2000,42
