day,ibov_bh,logreg_l2_long_only_60,rf_200_long_only_60
2019-08-05,1.0,1.0,1.0
2019-08-06,1.020639773022438,1.0,1.0
2019-08-07,1.0268137225518992,1.0,1.0
2019-08-08,1.0401306719414973,1.0,1.0
2019-08-09,1.0389418369997403,1.0,1.0
2019-08-12,1.0181522108333834,1.0,1.0
2019-08-13,1.031978660912306,1.0,1.0
2019-08-14,1.0015984335351356,1.0,1.0
2019-08-15,0.9896001918120242,1.0,1.0
2019-08-16,0.9970828587983775,1.0,1.0
2019-08-19,0.9937161581649983,1.0,1.0
2019-08-20,0.9912485763951326,1.0,1.0
2019-08-21,1.0110291913924352,1.0,1.0
2019-08-22,0.9991308517652698,1.0,1.0
2019-08-23,0.9757138004755338,1.0,1.0
2019-08-26,0.963355911207017,1.0,1.0
2019-08-27,0.9718076285240462,1.0,1.0
2019-08-28,0.9809786409318865,1.0,1.0
2019-08-29,1.0042558292872983,1.0,1.0
2019-08-30,1.0103598473495972,1.0,1.0
2019-09-02,1.0052748306659471,1.0,1.0
2019-09-03,0.9958340825990527,1.0,1.0
2019-09-04,1.0110192011828407,1.0,1.0
2019-09-05,1.0214289995804111,1.0,1.0
2019-09-06,1.0283422246198726,1.0,1.0
2019-09-09,1.0307998161801435,1.0,1.0
2019-09-10,1.0293112749505486,1.0,1.0
2019-09-11,1.033447221722712,1.0,1.0
2019-09-12,1.0426881655977145,1.0,1.0
2019-09-13,1.0339966832504148,1.0,1.0
2019-09-16,1.0357849307678477,1.0,1.0
2019-09-17,1.0451457571579854,1.0,1.0
2019-09-18,1.0442965893424447,1.0,1.0
2019-09-19,1.0423684788906875,1.0,1.0
2019-09-20,1.047143799076905,1.0,1.0
2019-09-23,1.0453555515594721,1.0,1.0
2019-09-24,1.037743011848389,1.0,1.0
2019-09-25,1.0437870886531204,1.0,1.0
2019-09-26,1.0521588842933929,1.0,1.0
2019-09-27,1.049751243781095,1.0,1.0
2019-09-30,1.046424503986094,1.0,1.0
2019-10-01,1.0395112789466328,1.0,1.0
2019-10-02,1.0093208655517598,1.0,1.0
2019-10-03,1.0141661172051395,1.0,1.0
2019-10-04,1.0245059841355477,1.0,1.0
2019-10-07,1.0047453495574343,1.0,1.0
2019-10-08,0.9988311454774328,1.0,1.0
2019-10-09,1.0114987312433823,1.0,1.0
2019-10-10,1.0171731702931135,1.0,1.0
2019-10-11,1.037303442626227,1.0,1.0
2019-10-14,1.0419988411356877,1.0,1.0
2019-10-15,1.0438770005394722,1.0,1.0
2019-10-16,1.0531978660912316,1.0,1.0
2019-10-17,1.0491318507862304,1.0,1.0
2019-10-18,1.046264660632581,1.0,1.0
2019-10-21,1.0591820016383953,1.0,1.0
2019-10-22,1.072758696477453,1.0,1.0
2019-10-23,1.0743871006413723,1.0,1.0
2019-10-24,1.0688125636875871,1.0,1.0
2019-10-25,1.072588862914345,1.0,1.0
2019-10-28,1.0808108054106986,1.0,1.0
2019-10-29,1.0745069831565077,1.0,1.0
2019-10-30,1.0830186417311047,1.0,1.0
2019-10-31,1.0711502727327231,1.0,1.0
2019-11-01,1.08090071729705,1.0,1.0
2019-11-04,1.084946752182862,1.0,1.0
2019-11-05,1.0834482207436724,1.0,1.0
2019-11-06,1.0822993466402937,1.0,1.0
2019-11-07,1.0947371575855673,1.0,1.0
2019-11-08,1.0752362684569134,1.0,1.0
2019-11-11,1.0810905312793475,1.0,1.0
2019-11-12,1.0668045315590733,1.0,1.0
2019-11-13,1.058103059002179,1.0,1.0
2019-11-14,1.064526763771505,1.0,1.0
2019-11-18,1.0624288197566396,1.0,1.0
2019-11-19,1.0551459569621782,1.0,1.0
2019-11-21,1.0739175607904266,1.0,1.0
2019-11-22,1.0858558612559703,1.0,1.0
2019-11-25,1.0831784850846182,1.0,1.0
2019-11-26,1.0695418489879929,1.0,1.0
2019-11-27,1.0760254950148866,1.0,1.0
2019-11-28,1.0818397969989422,1.0,1.0
2019-11-29,1.0812703550520502,1.0,1.0
2019-12-02,1.0895422485963768,1.0,1.0
2019-12-03,1.0884932765889441,1.0,1.0
2019-12-04,1.1019301084936777,1.0,1.0
2019-12-05,1.1051369657735435,1.0,1.0
2019-12-06,1.1101720314092205,1.0,1.0
2019-12-09,1.1086834901796254,1.0,1.0
2019-12-10,1.105636476253273,1.0,1.0
2019-12-11,1.1085536174548956,1.0,1.0
2019-12-12,1.1209015165138179,1.0,1.0
2019-12-13,1.1245479430158458,1.0,1.0
2019-12-16,1.1178644927970602,1.0,1.0
2019-12-17,1.1250574437051704,1.0,1.0
2019-12-18,1.1420308098063912,1.0,1.0
2019-12-19,1.1501828208355824,1.0,1.0
2019-12-20,1.1500829187396364,1.0,1.0
2019-12-23,1.1574956542588277,1.0,1.0
2019-12-26,1.170882535115588,1.0,1.0
2019-12-27,1.1641990848968025,1.0,1.0
2019-12-30,1.1585046654278819,1.0,1.0
2020-01-02,1.1845691222601864,1.0,1.0
2020-01-03,1.175917600751265,1.0,1.0
2020-01-06,1.167635716997344,1.0,1.0
2020-01-07,1.1654778317249108,1.0,1.0
2020-01-08,1.161331894743153,1.0,1.0
2020-01-09,1.1583348318647737,1.0,1.0
2020-01-10,1.1538991788047726,1.0,1.0
2020-01-13,1.172101340686129,1.0,1.0
2020-01-14,1.1751683350316702,1.0,1.0
2020-01-15,1.1630002597454507,1.0,1.0
2020-01-16,1.1658974205278838,1.0,1.0
2020-01-17,1.1836200523486995,1.0,1.0
2020-01-20,1.187456292833025,1.0,1.0
2020-01-21,1.1691142680173443,1.0,1.0
2020-01-22,1.1827509041139697,1.0,1.0
2020-01-23,1.1941097724230267,1.0,1.0
2020-01-24,1.1826010509700506,1.0,1.0
2020-01-27,1.1436991748086887,1.0,1.0
2020-01-28,1.1636496233690996,1.0,1.0
2020-01-29,1.1527203340726102,1.0,1.0
2020-01-30,1.1541489340446376,1.0,1.0
2020-01-31,1.136496233690984,1.0,1.0
2020-02-03,1.1451677356190946,1.0,1.0
2020-02-04,1.1544386501228807,1.0,1.0
2020-02-05,1.159144038841936,1.0,1.0
2020-02-06,1.1507722432016636,1.0,1.0
2020-02-07,1.1365861455773354,1.0,1.0
2020-02-10,1.1245978940638186,1.0,1.0
2020-02-11,1.1525804711382857,1.0,1.0
2020-02-12,1.165597714240046,1.0,1.0
2020-02-13,1.1554876221303136,1.0,1.0
2020-02-14,1.1426901636396345,1.0,1.0
2020-02-17,1.1519610781434209,1.0,1.0
2020-02-18,1.1486443285580146,1.0,1.0
2020-02-19,1.164039241543289,1.0,1.0
2020-02-20,1.144738156606527,1.0,1.0
2020-02-21,1.1356970169234162,1.0,1.0
2020-02-26,1.0561449779216379,1.0,1.0
2020-02-27,1.0288317448900088,1.0,1.0
2020-02-28,1.0407001138883905,1.0,1.0
2020-03-02,1.0652060980239377,1.0,0.9892960140679954
2020-03-03,1.0543367499850158,1.0,0.9888013660609616
2020-03-04,1.0711902335711014,1.0,0.9888013660609616
2020-03-05,1.0213290974844662,1.0,0.9888013660609616
2020-03-06,0.979010569641752,1.0,0.9888013660609616
2020-03-09,0.8598273691782061,1.0,0.9888013660609616
2020-03-10,0.9212371875561958,1.0,0.9888013660609616
2020-03-11,0.850876141381447,1.0,0.9888013660609616
2020-03-12,0.7251193830046561,1.0,0.9888013660609616
2020-03-13,0.8259705488621158,1.0,0.9888013660609616
2020-03-16,0.7109832364283009,1.0,0.9888013660609616
2020-03-17,0.745439469320067,1.0,0.9888013660609616
2020-03-18,0.6682950708305866,1.0,0.9888013660609616
2020-03-19,0.682651002018023,1.0,0.9888013660609616
2020-03-20,0.6700333673000466,1.0,0.9888013660609616
2020-03-23,0.6350776239285506,1.0,0.9888013660609616
2020-03-24,0.6966073248216754,1.0,0.9888013660609616
2020-03-25,0.7488261503726356,1.0,0.9888013660609616
2020-03-26,0.7763391875961565,1.0,0.9888013660609616
2020-03-27,0.7335711003216854,1.0,0.9888013660609616
2020-03-30,0.7456692441407428,1.0,0.9888013660609616
2020-03-31,0.7294851045974952,1.0,0.9888013660609616
2020-04-01,0.7089752042997869,1.0,0.9888013660609616
2020-04-02,0.721822613838439,1.0,0.9888013660609616
2020-04-03,0.6946991947891074,1.0,0.9888013660609616
2020-04-06,0.7400047953006061,1.0,0.9888013660609616
2020-04-07,0.762832424224261,1.0,0.9888013660609616
2020-04-08,0.7854802293752131,1.0,0.9888013660609616
2020-04-09,0.7760594617275078,1.0,0.9888013660609616
2020-04-13,0.7875881635996731,1.0,0.9888013660609616
2020-04-14,0.7983975703810273,1.0,0.9888013660609616
2020-04-15,0.7875382125517001,1.0,0.9888013660609616
2020-04-16,0.7773581889748055,1.0,0.9888013660609616
2020-04-17,0.7891266558772411,1.0,0.9888013660609616
2020-04-20,0.7889568223141329,1.0,0.9888013660609616
2020-04-22,0.8060800415592726,1.0,0.9888013660609616
2020-04-23,0.795949969030351,1.0,0.9888013660609616
2020-04-24,0.7525724789706094,1.0,0.9888013660609616
2020-04-27,0.7816240084716983,1.0,0.9888013660609616
2020-04-28,0.8123239225558958,1.0,0.9888013660609616
2020-04-29,0.8308957221922523,1.0,0.9888013660609616
2020-04-30,0.8042718136226504,1.0,0.9888013660609616
2020-05-04,0.7879877719834568,1.0,0.9888013660609616
2020-05-05,0.7939319466922422,1.0,0.9888013660609616
2020-05-06,0.7898659313872411,1.0,0.9888013660609616
2020-05-07,0.7804251833203467,1.0,0.9888013660609616
2020-05-08,0.8018441926911634,1.0,0.9888013660609616
2020-05-11,0.7898759215968358,1.0,0.9888013660609616
2020-05-12,0.7779576015504812,1.0,0.9888013660609616
2020-05-13,0.7769585805910215,1.0,0.9888013660609616
2020-05-14,0.7893364502787276,1.0,0.9888013660609616
2020-05-15,0.7748106855281831,1.0,0.9888013660609616
2020-05-18,0.8111450778237336,1.0,0.9888013660609616
2020-05-19,0.8066295030869756,1.0,0.9888013660609616
2020-05-20,0.8123938540230581,1.0,0.9888013660609616
2020-05-21,0.8294571320106302,1.0,0.9888013660609616
2020-05-22,0.8209254930168441,1.0,0.9888013660609616
2020-05-25,0.8557913245019887,1.0,0.9888013660609616
2020-05-26,0.8538532238406368,1.0,0.9888013660609616
2020-05-27,0.8785989730064543,1.0,0.9888013660609616
2020-05-28,0.8686387340406407,1.0,0.9888013660609616
2020-05-29,0.8731742891965879,1.0,0.9888013660609616
2020-06-01,0.8853323742732129,1.0,0.9888013660609616
2020-06-02,0.9095686227497058,1.0,0.9888013660609616
2020-06-03,0.9291094727167382,1.0,0.9888013660609616
2020-06-04,0.9373713760514701,1.0,0.9888013660609616
2020-06-05,0.9454434654039048,1.0,0.9888013660609616
2020-06-08,0.9754940158644535,1.0,0.9888013660609616
2020-06-09,0.9665228076485051,1.0,0.9888013660609616
2020-06-10,0.94593298567404,1.0,0.9888013660609616
2020-06-12,0.9270414993306565,1.0,0.9888013660609616
2020-06-15,0.9228556015105203,1.0,0.9888013660609616
2020-06-16,0.9343942935922801,1.0,0.9888013660609616
2020-06-17,0.9545345561349883,1.0,0.9888013660609616
2020-06-18,0.9603088972806655,1.0,0.9888013660609616
2020-06-19,0.9647745209694505,1.0,0.9888013660609616
2020-06-22,0.9524266219105282,1.0,0.9888013660609616
2020-06-23,0.9588103658414758,1.0,0.9888013660609616
2020-06-24,0.9428460109093093,1.0,0.9888013660609616
2020-06-25,0.9588902875182326,1.0,0.9888013660609616
2020-06-26,0.9374213270994429,1.0,0.9888013660609616
2020-06-29,0.9564127155387724,1.0,0.9888013660609616
2020-06-30,0.9496293632240408,1.0,0.9888013660609616
2020-07-01,0.9610881336290439,1.0,0.9888013660609616
2020-07-02,0.9614078203360711,1.0,0.9888013660609616
2020-07-03,0.9667026314212077,1.0,0.9888013660609616
2020-07-06,0.9884013666606731,1.0,0.9888013660609616
2020-07-07,0.9766528801774267,1.0,0.9888013660609616
2020-07-08,0.9967232112529727,1.0,0.9888013660609616
2020-07-09,0.9906291834002683,1.0,0.9888013660609616
2020-07-10,0.9993406461667571,1.0,0.9888013660609616
2020-07-13,0.9860037163579697,1.0,0.9888013660609616
2020-07-14,1.0034166516813527,1.0,0.9888013660609616
2020-07-15,1.0169134248436538,1.0,0.9888013660609616
2020-07-16,1.0045455453655423,1.0,0.9888013660609616
2020-07-17,1.027872684768927,1.0,0.9888013660609616
2020-07-20,1.0432376271254178,1.0,0.9888013660609616
2020-07-21,1.0420787628124446,1.0,0.9888013660609616
2020-07-22,1.0418789586205528,1.0,0.9888013660609616
2020-07-23,1.021928510060142,1.0,0.9888013660609616
2020-07-24,1.0228176387140613,1.0,0.9888013660609616
2020-07-27,1.0437471278147425,1.0,0.9888013660609616
2020-07-28,1.0400707306839307,1.0,0.9888013660609616
2020-07-29,1.0550160842374483,1.0,0.9888013660609616
2020-07-30,1.0490619193190682,1.0,0.9888013660609616
2020-07-31,1.0281124497991978,1.0,0.9888013660609616
2020-08-03,1.027293252612441,1.0,0.9888013660609616
2020-08-04,1.0111690543267609,1.0,0.9888013660609616
2020-08-05,1.0270135267437923,1.0,0.9888013660609616
2020-08-06,1.0402405642470391,1.0,0.9888013660609616
2020-08-07,1.0267537812943328,1.0,0.9888013660609616
2020-08-10,1.033427241303524,1.0,0.9888013660609616
2020-08-11,1.0207396751183855,1.0,0.9888013660609616
2020-08-12,1.0201802233810882,1.0,0.9888013660609616
2020-08-13,1.0036264460828404,1.0,0.9888013660609616
2020-08-14,1.0125377130412212,1.0,0.9888013660609616
2020-08-17,0.9949749245739191,1.0,0.9888013660609616
2020-08-18,1.0196507422725745,1.0,0.9888013660609616
2020-08-19,1.0075525984535172,1.0,0.9888013660609616
2020-08-20,1.0136865871446,1.0,0.9888013660609616
2020-08-21,1.0142160682531134,1.0,0.9888013660609616
2020-08-24,1.0219784611081155,1.0,0.9888013660609616
2020-08-25,1.020180223381088,1.0,0.9888013660609616
2020-08-26,1.0052848208755434,1.0,0.9888013660609616
2020-08-27,1.0052548502467595,1.0,0.9888013660609616
2020-08-28,1.0204299786209527,1.0,0.9888013660609616
2020-08-31,0.9927171372055399,1.0,0.9888013660609616
2020-09-01,1.0206797338608178,1.0,0.9888013660609616
2020-09-02,1.0181122499950064,1.0,0.9888013660609616
2020-09-03,1.0062239005774356,1.0,0.9888013660609616
2020-09-04,1.0114287997762208,1.0,0.9888013660609616
2020-09-08,0.9995204699394608,1.0,0.9888013660609616
2020-09-09,1.0119283102559506,1.0,0.9888013660609616
2020-09-10,0.987382365282025,1.0,0.9888013660609616
2020-09-11,0.9826669863533751,1.0,0.9888013660609616
2020-09-14,1.0017682670982453,1.0,0.9888013660609616
2020-09-15,1.0019980419189212,1.0,0.9888013660609616
2020-09-16,0.9957841315510816,1.0,0.9888013660609616
2020-09-17,1.0000000000000018,1.0,0.9888013660609616
2020-09-18,0.9819377010529698,1.0,0.9888013660609616
2020-09-21,0.9689604187895879,1.0,0.9888013660609616
2020-09-22,0.9719874522967509,1.0,0.9888013660609616
2020-09-23,0.9564127155387737,1.0,0.9888013660609616
2020-09-24,0.9691702131910744,1.0,0.9888013660609616
2020-09-25,0.9690403404663447,1.0,0.9888013660609616
2020-09-28,0.9457331814821491,1.0,0.9888013660609616
2020-09-29,0.9348838138624164,1.0,0.9888013660609616
2020-09-30,0.9451037982776894,1.0,0.9888013660609616
2020-10-01,0.9538552218825567,1.0,0.9888013660609616
2020-10-02,0.9392395452456609,1.0,0.9888013660609616
2020-10-05,0.9599492497352611,1.0,0.9888013660609616
2020-10-06,0.955213890387422,1.0,0.9888013660609616
2020-10-07,0.9543247617335029,1.0,0.9888013660609616
2020-10-08,0.9782413235029688,1.0,0.9888013660609616
2020-10-09,0.9738756019101298,1.0,0.9888013660609616
2020-10-13,0.9840656156966191,1.0,0.9888013660609616
2020-10-14,0.9923674798697294,1.0,0.9888013660609616
2020-10-15,0.9895702211832421,1.0,0.9888013660609616
2020-10-19,0.9856140981837815,1.0,0.9888013660609616
2020-10-21,1.004535555155949,1.0,0.9888013660609616
2020-10-22,1.0181821814621688,1.0,0.9888013660609616
2020-10-23,1.011608623548924,1.0,0.9888013660609616
2020-10-26,1.0091810026174368,1.0,0.9888013660609616
2020-10-27,0.9950848168794599,1.0,0.9888013660609616
2020-10-28,0.9527562988271511,1.0,0.9888013660609616
2020-10-29,0.9648744230653977,1.0,0.9888013660609616
2020-10-30,0.9386001718316068,1.0,0.9888013660609616
2020-11-03,0.9549341645187734,1.0,0.9888013660609616
2020-11-04,0.9771523906571579,1.0,0.9888013660609616
2020-11-05,1.0067533816859497,1.0,0.9888013660609616
2020-11-06,1.0070031369258148,1.0,0.9888013660609616
2020-11-09,1.0381126496033908,1.0,0.9888013660609616
2020-11-10,1.0524785710004219,1.0,0.9888013660609616
2020-11-11,1.0442965893424467,1.0,0.9888013660609616
2020-11-13,1.0440967851505547,1.0,0.9888013660609616
2020-11-16,1.0632580071529925,1.0,0.9888013660609616
2020-11-17,1.0712401846190756,1.0,0.9888013660609616
2020-11-18,1.063787488261506,1.0,0.9888013660609616
2020-11-19,1.0641271553877223,1.0,0.9888013660609616
2020-11-23,1.072738716058265,1.0,0.9888013660609616
2020-11-24,1.0967851505524608,1.0,0.9888013660609616
2020-11-25,1.1002517532817861,1.0,0.9888013660609616
2020-11-26,1.1011908329836781,1.0,0.9888013660609616
2020-11-27,1.104667425922598,1.0,0.9888013660609616
2020-11-30,1.0878139423365123,1.0,0.9888013660609616
2020-12-01,1.1122599852144919,1.0,0.9888013660609616
2020-12-02,1.117045295610304,1.0,0.9888013660609616
2020-12-03,1.1280844772123342,1.0,0.9888013660609616
2020-12-04,1.135707007133012,1.0,0.9888013660609616
2020-12-07,1.13513756518612,1.0,0.9888013660609616
2020-12-08,1.1345980938680118,1.0,0.9888013660609616
2020-12-09,1.1261164059221986,1.0,0.9888013660609616
2020-12-10,1.1487941817019345,1.0,0.9888013660609616
2020-12-11,1.152100941077746,1.0,0.9888013660609616
2020-12-14,1.1486243481388263,1.0,0.9888013660609616
2020-12-15,1.1603228835740997,1.0,0.9888013660609616
2020-12-16,1.1783152510539694,1.0,0.9888013660609616
2020-12-17,1.180413195068835,1.0,0.9888013660609616
2020-12-18,1.1756378748826175,1.0,0.9888013660609616
2020-12-21,1.1590241563268022,1.0,0.9888013660609616
2020-12-22,1.1623409059122085,1.0,0.9888013660609616
2020-12-23,1.177416132190456,1.0,0.9888013660609616
2020-12-28,1.1893444424464052,1.0,0.9888013660609616
2020-12-29,1.1935802913145144,1.0,0.9888013660609616
2020-12-30,1.1918919458930275,1.0,0.9888013660609616
2021-01-04,1.1844192691162687,1.0,0.9888013660609616
2021-01-05,1.1910627584966758,1.0,0.9888013660609616
2021-01-06,1.1973366101220828,1.0,0.9888013660609616
2021-01-07,1.2183660013187103,1.0,0.9888013660609616
2021-01-08,1.2495454454634485,1.0,0.9888013660609616
2021-01-11,1.2268676696837126,1.0,0.9888013660609616
2021-01-12,1.238766009310878,1.0,0.9888013660609616
2021-01-13,1.2192051789246565,1.0,0.9888013660609616
2021-01-14,1.2336010709504712,1.0,0.9888013660609616
2021-01-15,1.2038402365681657,1.0,0.9888013660609616
2021-01-18,1.211232991668168,1.0,0.9888013660609616
2021-01-19,1.205548562408842,1.0,0.9888013660609616
2021-01-20,1.1959080101500557,1.0,0.9888013660609616
2021-01-21,1.18327039501289,1.0,0.9888013660609616
2021-01-22,1.1705728386181569,1.0,0.9888013660609616
2021-01-26,1.163499770225182,1.0,0.9888013660609616
2021-01-27,1.1576854682411262,1.0,0.9888013660609616
2021-01-28,1.1919718675697843,1.0,0.9888013660609616
2021-01-29,1.158934244440451,1.0,0.9888013660609616
2021-02-01,1.1725009490699139,1.0,0.9888013660609616
2021-02-02,1.1811824412076188,1.0,0.9888013660609616
2021-02-03,1.1960778437131634,1.0,0.9888013660609616
2021-02-04,1.1914423864612702,1.0,0.9888013660609616
2021-02-05,1.1980758856320828,1.0,0.9888013660609616
2021-02-08,1.1939898899078925,1.0,0.9888013660609616
2021-02-09,1.1931207416731624,1.0,0.9888013660609616
2021-02-10,1.1831405222881597,1.0,0.9888013660609616
2021-02-11,1.1911826410118107,1.0,0.9888013660609616
2021-02-12,1.1899938060700537,1.0,0.9888013660609616
2021-02-17,1.2027313233031653,1.0,0.9888013660609616
2021-02-18,1.190233571100324,1.0,0.9888013660609616
2021-02-19,1.1863174089392419,1.0,0.9888013660609616
2021-02-22,1.1255769346040903,1.0,0.9888013660609616
2021-02-23,1.151141880956665,1.0,0.9888013660609616
2021-02-24,1.1555475633878824,1.0,0.9888013660609616
2021-02-25,1.1214609682511163,1.0,0.9888013660609616
2021-02-26,1.0992727127415156,1.0,0.9888013660609616
2021-03-01,1.1022697756198947,1.0,0.9888013660609616
2021-03-02,1.1143079781813845,1.0,0.9888013660609616
2021-03-03,1.1107514635657079,1.0,0.9888013660609616
2021-03-04,1.1257967192151714,1.0,0.9888013660609616
2021-03-05,1.1508921257167999,1.0,0.9888013660609616
2021-03-08,1.1050370636775984,1.0,0.9888013660609616
2021-03-09,1.1122200243761138,1.0,0.9888013660609616
2021-03-10,1.1266558772403068,1.0,0.9888013660609616
2021-03-11,1.1487142600251778,1.0,0.9888013660609616
2021-03-12,1.1404823273192297,1.0,0.9888013660609616
2021-03-15,1.1473855621490963,1.0,0.9888013660609616
2021-03-16,1.1390737077663913,1.0,0.9888013660609616
2021-03-17,1.1643489380407226,1.0,0.9888013660609616
2021-03-18,1.1472257187955828,1.0,0.9888013660609616
2021-03-19,1.1610821395032893,1.0,0.9888013660609616
2021-03-22,1.1486643089772048,1.0,0.9888013660609616
2021-03-23,1.1315111191032812,1.0,0.9888013660609616
2021-03-24,1.1195428480089535,1.0,0.9888013660609616
2021-03-25,1.1363863413854447,1.0,0.9888013660609616
2021-03-26,1.1466862474774746,1.0,0.9888013660609616
2021-03-29,1.1530600011988277,1.0,0.9888013660609616
2021-03-30,1.1673559911286966,1.0,0.9888013660609616
2021-03-31,1.1651981058562635,1.0,0.9888013660609616
2021-04-01,1.1514016264061246,1.0,0.9888013660609616
2021-04-05,1.1740294511378875,1.0,0.9888013660609616
2021-04-06,1.1738396371555901,1.0,0.9888013660609616
2021-04-07,1.1750884133549149,1.0,0.9888013660609616
2021-04-08,1.1819716677655923,1.0,0.9888013660609616
2021-04-09,1.1755479629962662,1.0,0.9888013660609616
2021-04-12,1.1869567823532963,1.0,0.9888013660609616
2021-04-13,1.191802034006676,1.0,0.9888013660609616
2021-04-14,1.2017722631820842,1.0,0.9888013660609616
2021-04-15,1.2058282882774907,1.0,0.9888013660609616
2021-04-16,1.2099542448400595,1.0,0.9888013660609616
2021-04-19,1.208156007113032,1.0,0.9888013660609616
2021-04-20,1.1994445443465431,1.0,0.9888013660609616
2021-04-22,1.1925413095166764,1.0,0.9888013660609616
2021-04-23,1.2041199624368146,1.0,0.9888013660609616
2021-04-26,1.2047693260604635,1.0,0.9888013660609616
2021-04-27,1.1927111430797845,1.0,0.9888013660609616
2021-04-28,1.209344842054789,1.0,0.9888013660609616
2021-04-29,1.1994845051849214,1.0,0.9888013660609616
2021-04-30,1.1877759795400533,1.0,0.9888013660609616
2021-05-03,1.1909228955623516,1.0,0.9888013660609616
2021-05-04,1.1759675517992396,1.0,0.9888013660609616
2021-05-05,1.1944694199684338,1.0,0.9888013660609616
2021-05-06,1.198035924793705,1.0,0.9888013660609616
2021-05-07,1.2191851985054674,1.0,0.9888013660609616
2021-05-10,1.2178964614677643,1.0,0.9888013660609616
2021-05-11,1.2284361325900643,1.0,0.9888013660609616
2021-05-12,1.1959279905692446,1.0,0.9888013660609616
2021-05-13,1.2058782393254635,1.0,0.9888013660609616
2021-05-14,1.2176167355991154,1.0,0.9888013660609616
2021-05-17,1.2281763871406048,1.0,0.9888013660609616
2021-05-18,1.2285959759435778,1.0,0.9888013660609616
2021-05-19,1.2251593438430364,1.0,0.9888013660609616
2021-05-20,1.225808707466685,1.0,0.9888013660609616
2021-05-21,1.224719774620874,1.0,0.9888013660609616
2021-05-24,1.2391056764370942,1.0,0.9888013660609616
2021-05-25,1.2286758976203347,1.0,0.9888013660609616
2021-05-26,1.2386760974245266,1.0,0.9888013660609616
2021-05-27,1.2424523966512844,1.0,0.9888013660609616
2021-05-28,1.2543807069072335,1.0,0.9888013660609616
2021-05-31,1.2609242941916947,1.0,0.9888013660609616
2021-06-01,1.2814142140702138,1.0,0.9888013660609616
2021-06-02,1.2947411536694067,1.0,0.9888013660609616
2021-06-04,1.2999860137065702,1.0,0.9888013660609616
2021-06-07,1.3064796499430584,1.0,0.9888013660609616
2021-06-08,1.2965993326540017,1.0,0.9888013660609616
2021-06-09,1.2977981578053535,1.0,0.9888013660609616
2021-06-10,1.2994865032268406,1.0,0.9888013660609616
2021-06-11,1.2931427201342713,1.0,0.9888013660609616
2021-06-14,1.3008052108933275,1.0,0.9888013660609616
2021-06-15,1.2996363563707596,1.0,0.9888013660609616
2021-06-16,1.2913245019880546,1.0,0.9888013660609616
2021-06-17,1.2793162700553486,1.0,0.9888013660609616
2021-06-18,1.2827928629942684,1.0,0.9888013660609616
2021-06-21,1.291384443245622,1.0,0.9888013660609616
2021-06-22,1.2864093188675125,1.0,0.9888013660609616
2021-06-23,1.283022637814944,1.0,0.9888013660609616
2021-06-24,1.2938720054346768,1.0,0.9888013660609616
2021-06-25,1.2713141121700762,1.0,0.9888013660609616
2021-06-28,1.2730424184299416,1.0,0.9888013660609616
2021-06-29,1.2720234170512927,1.0,0.9888013660609616
2021-06-30,1.2667785570141292,1.0,0.9888013660609616
2021-07-01,1.2554296789146666,1.0,0.9888013660609616
2021-07-02,1.274970528881699,1.0,0.9888013660609616
2021-07-05,1.2679574017462918,1.0,0.9888013660609616
2021-07-06,1.2497252692361516,1.0,0.9888013660609616
2021-07-07,1.2689464324961568,1.0,0.9888013660609616
2021-07-08,1.2530520090311525,1.01676887138438,0.9888013660609616
2021-07-12,1.2746908030130504,1.0162604869486878,0.9888013660609616
2021-07-13,1.2804251833203493,1.0162604869486878,0.9888013660609616
2021-07-14,1.282812843413458,1.0162604869486878,0.9888013660609616
2021-07-15,1.2734320366041312,1.0162604869486878,0.9888013660609616
2021-07-16,1.2583668005354784,1.0162604869486878,0.9888013660609616
2021-07-19,1.2427321225199337,1.0162604869486878,0.9888013660609616
2021-07-20,1.2527822733720986,1.0162604869486878,0.9888013660609616
2021-07-21,1.258057104038046,1.0162604869486878,0.9888013660609616
2021-07-22,1.2602349697296682,1.0162604869486878,0.9888013660609616
2021-07-23,1.2493056804331788,1.0162604869486878,0.9888013660609616
2021-07-26,1.2588063697576408,1.0162604869486878,0.9888013660609616
2021-07-27,1.2448999980019613,1.0162604869486878,0.9888013660609616
2021-07-28,1.261623608863317,1.0162604869486878,0.9888013660609616
2021-07-29,1.2555195908010182,1.0162604869486878,0.9888013660609616
2021-07-30,1.2168175188315482,1.0162604869486878,0.9888013660609616
2021-08-02,1.2239605186916853,1.0162604869486878,0.9888013660609616
2021-08-03,1.234560131071553,1.0162604869486878,0.9888013660609616
2021-08-04,1.2168175188315482,1.0162604869486878,0.9888013660609616
2021-08-05,1.2151391636196558,1.0162604869486878,0.9888013660609616
2021-08-06,1.226897640312497,1.0162604869486878,0.9888013660609616
2021-08-09,1.2289855941177679,1.0162604869486878,0.9888013660609616
2021-08-10,1.220823592878982,1.0162604869486878,0.9888013660609616
2021-08-11,1.2193650222781707,1.0162604869486878,0.9888013660609616
2021-08-12,1.2058282882774913,1.0162604869486878,0.9888013660609616
2021-08-13,1.2107534616076279,1.0162604869486878,0.9888013660609616
2021-08-16,1.1906331794841087,1.0162604869486878,0.9888013660609616
2021-08-17,1.1778856720414026,1.0162604869486878,0.9888013660609616
2021-08-18,1.1652880177426155,1.0162604869486878,0.9888013660609616
2021-08-19,1.1705029071509954,1.0162604869486878,0.9888013660609616
2021-08-20,1.179374213270998,1.0162604869486878,0.9888013660609616
2021-08-23,1.1735699014965368,1.0162604869486878,0.9888013660609616
2021-08-24,1.2009330855761389,1.0162604869486878,0.9888013660609616
2021-08-25,1.2069971428000592,1.0162604869486878,0.9888013660609616
2021-08-26,1.1860776439089724,1.0162604869486878,0.9888013660609616
2021-08-27,1.2055985134568155,1.0162604869486878,0.9888013660609616
2021-08-30,1.196227696857083,1.0162604869486878,0.9888013660609616
2021-08-31,1.1866470858558642,1.0162604869486878,0.9888013660609616
2021-09-01,1.1927910647565416,1.0162604869486878,0.9888013660609616
2021-09-02,1.1656276848688316,1.0162604869486878,0.9888013660609616
2021-09-03,1.1681851785250486,1.0162604869486878,0.9888013660609616
2021-09-06,1.1775360147055915,1.0162604869486878,0.9888013660609616
2021-09-08,1.1330196407520658,1.0162604869486878,0.9888013660609616
2021-09-09,1.1524805690423414,1.0162604869486878,0.9888013660609616
2021-09-10,1.1417410937281494,1.0162604869486878,0.9888013660609616
2021-09-13,1.1629003576495065,1.0162604869486878,0.9888013660609616
2021-09-14,1.1606725409099112,1.0162604869486878,0.9888013660609616
2021-09-15,1.1495034865831513,1.0162604869486878,0.9888013660609616
2021-09-16,1.1368259106076073,1.0162604869486878,0.9888013660609616
2021-09-17,1.1132989670123306,1.0162604869486878,0.9888013660609616
2021-09-20,1.0873743731143506,1.0162604869486878,0.9888013660609616
2021-09-21,1.1014206078043542,1.0162604869486878,0.9888013660609616
2021-09-22,1.121720713700576,1.0162604869486878,0.9888013660609616
2021-09-23,1.1395232671981486,1.0162604869486878,0.9888013660609616
2021-09-24,1.1317209135047681,1.0162604869486878,0.9888013660609616
2021-09-27,1.1347179763831474,1.0162604869486878,0.9888013660609616
2021-09-28,1.1001618413954353,1.0162604869486878,0.9888013660609616
2021-09-29,1.1099822174269243,1.0162604869486878,0.9888013660609616
2021-09-30,1.108703470598816,1.0162604869486878,0.9888013660609616
2021-10-01,1.1278946632300375,1.0162604869486878,0.9888013660609616
2021-10-04,1.102849207776382,1.0162604869486878,0.9888013660609616
2021-10-05,1.1034985714000307,1.0162604869486878,0.9888013660609616
2021-10-06,1.1045175727786796,1.0162604869486878,0.9888013660609616
2021-10-07,1.1047673280185444,1.0162604869486878,0.9888013660609616
2021-10-08,1.127225319187199,1.0162604869486878,0.9888013660609616
2021-10-11,1.120701712321927,1.0162604869486878,0.9888013660609616
2021-10-13,1.133449219764633,1.0162604869486878,0.9888013660609616
2021-10-14,1.1307418729644971,1.0162604869486878,0.9888013660609616
2021-10-15,1.145357549601393,1.0162604869486878,0.9888013660609616
2021-10-18,1.1431597034905816,1.0162604869486878,0.9888013660609616
2021-10-19,1.1056464664628687,1.0162604869486878,0.9888013660609616
2021-10-20,1.1067753601470582,1.0162604869486878,0.9888013660609616
2021-10-21,1.0762952306739417,1.0162604869486878,0.9888013660609616
2021-10-22,1.0619193190673162,1.0162604869486878,0.9888013660609616
2021-10-25,1.086085636076647,1.0162604869486878,0.9888013660609616
2021-10-26,1.0631581050570462,1.0162604869486878,0.9888013660609616
2021-10-27,1.0625886631101542,1.0162604869486878,0.9888013660609616
2021-10-28,1.056015105196909,1.0162604869486878,0.9888013660609616
2021-10-29,1.0339966832504166,1.0162604869486878,0.9888013660609616
2021-11-01,1.0544766129193412,1.0162604869486878,0.9888013660609616
2021-11-03,1.0551359667525848,1.0162604869486878,0.9888013660609616
2021-11-04,1.0331075545964976,1.0162604869486878,0.9888013660609616
2021-11-05,1.0472137305440692,1.0162604869486878,0.9888013660609616
2021-11-08,1.0467841515315015,1.0162604869486878,0.9888013660609616
2021-11-09,1.054316769565828,1.0162604869486878,0.9888013660609616
2021-11-10,1.0586425303202887,1.0162604869486878,0.9888013660609616
2021-11-11,1.0761953285779962,1.0162604869486878,0.9888013660609616
2021-11-12,1.0620791624208301,1.0162604869486878,0.9888013660609616
2021-11-16,1.0440568243121766,1.0162604869486878,0.9888013660609616
2021-11-17,1.028442126715821,1.0162604869486878,0.9888013660609616
2021-11-18,1.0242362484764955,1.0162604869486878,0.9888013660609616
2021-11-19,1.029341245579335,1.0162604869486878,0.9888013660609616
2021-11-22,1.0202201842194676,1.0162604869486878,0.9888013660609616
2021-11-23,1.0356150972047422,1.0162604869486878,0.9888013660609616
2021-11-24,1.0441167655697445,1.0162604869486878,0.9888013660609616
2021-11-25,1.0570740674139372,1.0162604869486878,0.9888013660609616
2021-11-26,1.0212391855981167,1.0162604869486878,0.9888013660609616
2021-11-29,1.027133409258929,1.0162604869486878,0.9888013660609616
2021-11-30,1.018152210833386,1.0162604869486878,0.9888013660609616
2021-12-01,1.006763371895545,1.0162604869486878,0.9888013660609616
2021-12-02,1.0436372355092038,1.0162604869486878,0.9888013660609616
2021-12-03,1.0496713221043408,1.0162604869486878,0.9888013660609616
2021-12-06,1.0675438070690755,1.0162604869486878,0.9888013660609616
2021-12-07,1.074526963575699,1.0162604869486878,0.9888013660609616
2021-12-08,1.0799016963375925,1.0162604869486878,0.9888013660609616
2021-12-09,1.0618693680193443,1.0162604869486878,0.9888013660609616
2021-12-10,1.0765250054946185,1.0162604869486878,0.9888013660609616
2021-12-13,1.0727786768966445,1.0162604869486878,0.9888013660609616
2021-12-14,1.0665547763192105,1.0162604869486878,0.9888013660609616
2021-12-15,1.0726488041719149,1.0162604869486878,0.9888013660609616
2021-12-16,1.0810605606505659,1.0162604869486878,0.9888013660609616
2021-12-17,1.070960458750428,1.0162604869486878,0.9888013660609616
2021-12-20,1.0491718116246112,1.0162604869486878,0.9888013660609616
2021-12-21,1.053967112230018,1.0162604869486878,0.9888013660609616
2021-12-22,1.051409618573801,1.0162604869486878,0.9888013660609616
2021-12-23,1.0478830745869083,1.0162604869486878,0.9888013660609616
2021-12-27,1.0542768087274506,1.0162604869486878,0.9888013660609616
2021-12-28,1.0476133389278541,1.0162604869486878,0.9888013660609616
2021-12-29,1.040050750264744,1.0162604869486878,0.9888013660609616
2021-12-30,1.0471937501248811,1.0162604869486878,0.9888013660609616
2022-01-03,1.0382025614897437,1.0162604869486878,0.9888013660609616
2022-01-04,1.034126555975148,1.0162604869486878,0.9888013660609616
2022-01-05,1.009071110311898,1.0162604869486878,0.9888013660609616
2022-01-06,1.0146156766368994,1.0162604869486878,0.9888013660609616
2022-01-07,1.0261843393474432,1.0162604869486878,0.9888013660609616
2022-01-10,1.018451917121225,1.0162604869486878,0.9888013660609616
2022-01-11,1.0367739615177163,1.0162604869486878,0.9888013660609616
2022-01-12,1.0558252912146133,1.0162604869486878,0.9888013660609616
2022-01-13,1.054266818517856,1.0162604869486878,0.9888013660609616
2022-01-14,1.068233131531103,1.0162604869486878,0.9888013660609616
2022-01-17,1.0658754420667782,1.0162604869486878,0.9888013660609616
2022-01-18,1.0641771064356966,1.0162604869486878,0.9888013660609616
2022-01-19,1.0790725089412412,1.0162604869486878,0.9888013660609616
2022-01-20,1.0899518471897576,1.0162604869486878,0.9888013660609616
2022-01-21,1.088353413654622,1.0162604869486878,0.9888013660609616
2022-01-24,1.0764650642370512,1.0162604869486878,0.9888013660609616
2022-01-25,1.0973745729185433,1.0162604869486878,0.9888013660609616
2022-01-26,1.1146376550980077,1.0162604869486878,0.9888013660609616
2022-01-27,1.1220503906171988,1.0162604869486878,0.9888013660609616
2022-01-28,1.1136885851865208,1.0162604869486878,0.9888013660609616
2022-01-31,1.1227796759176043,1.0162604869486878,0.9888013660609616
2022-02-01,1.1303622449999036,1.0162604869486878,0.9888013660609616
2022-02-02,1.1205118983396305,1.0162604869486878,0.9888013660609616
2022-02-03,1.1158664508781426,1.0162604869486878,0.9888013660609616
2022-02-04,1.1213510759455765,1.0162604869486878,0.9888013660609616
2022-02-07,1.1188635137565217,1.0162604869486878,0.9888013660609616
2022-02-08,1.121241183640036,1.0162604869486878,0.9888013660609616
2022-02-09,1.1235089612180096,1.0162604869486878,0.9888013660609616
2022-02-10,1.132480169433958,1.0162604869486878,0.9888013660609616
2022-02-11,1.1346080840776072,1.0162604869486878,0.9888013660609616
2022-02-14,1.1369557833323376,1.0162604869486878,0.9888013660609616
2022-02-15,1.1454774321165293,1.0162604869486878,0.9888013660609616
2022-02-16,1.1506823313153145,1.0162604869486878,0.9888013660609616
2022-02-17,1.134168514855445,1.0162604869486878,0.9888013660609616
2022-02-18,1.126575955563551,1.0162604869486878,0.9888013660609616
2022-02-21,1.116156166956386,1.0162604869486878,0.9888013660609616
2022-02-22,1.127814741553281,1.0162604869486878,0.9888013660609616
2022-02-23,1.118983396271657,1.0162604869486878,0.9888013660609616
2022-02-24,1.1148274690803046,1.0162604869486878,0.9888013660609616
2022-02-25,1.1303122939519303,1.0162604869486878,0.9888013660609616
2022-03-02,1.1506123998481521,1.0162604869486878,0.9888013660609616
2022-03-03,1.1505324781713953,1.0162604869486878,0.9888013660609616
2022-03-04,1.143619253131934,1.0162604869486878,0.9888013660609616
2022-03-07,1.114837459289899,1.0162604869486878,0.9888013660609616
2022-03-08,1.110941277548006,1.0162604869486878,0.9888013660609616
2022-03-09,1.1378848728246351,1.0162604869486878,0.9888013660609616
2022-03-10,1.1355171931507155,1.0162604869486878,0.9888013660609616
2022-03-11,1.1160362844412508,1.0162604869486878,0.9888013660609616
2022-03-14,1.0982037603148946,1.0162604869486878,0.9888013660609616
2022-03-15,1.08852324721773,1.0162604869486878,0.9888013660609616
2022-03-16,1.1100321684748982,1.0162604869486878,0.9888013660609616
2022-03-17,1.1296529401186872,1.0162604869486878,0.9888013660609616
2022-03-18,1.1519810585626125,1.0162604869486878,0.9888013660609616
2022-03-21,1.1604127954604526,1.0162604869486878,0.9888013660609616
2022-03-22,1.171571859577618,1.0162604869486878,0.9888013660609616
2022-03-23,1.1734200483526185,1.0162604869486878,0.9888013660609616
2022-03-24,1.1893644228655957,1.0162604869486878,0.9888013660609616
2022-03-25,1.1896441487342446,1.0162604869486878,0.9888013660609616
2022-03-28,1.1862175068432979,1.0162604869486878,0.9888013660609616
2022-03-29,1.1989650142860042,1.0162604869486878,0.9888013660609616
2022-03-30,1.2014226058462751,1.0162604869486878,0.9888013660609616
2022-03-31,1.1988151611420852,1.0162604869486878,0.9888013660609616
2022-04-01,1.2145097804151976,1.0162604869486878,0.9888013660609616
2022-04-04,1.2116126196327643,1.0162604869486878,0.9888013660609616
2022-04-05,1.1876860676537038,1.0162604869486878,0.9888013660609616
2022-04-06,1.1811224999500534,1.0162604869486878,0.9888013660609616
2022-04-07,1.1874562928330281,1.0162604869486878,0.9888013660609616
2022-04-08,1.1820615796519456,1.0162604869486878,0.9888013660609616
2022-04-11,1.1683849827169417,1.0162604869486878,0.9888013660609616
2022-04-12,1.1603328737836962,1.0162604869486878,0.9888013660609616
2022-04-13,1.1666766568762654,1.0162604869486878,0.9888013660609616
2022-04-14,1.160682531119507,1.0162604869486878,0.9888013660609616
2022-04-18,1.1557373773701813,1.0162604869486878,0.9888013660609616
2022-04-19,1.1494435453255851,1.0162604869486878,0.9888013660609616
2022-04-20,1.1423205258846372,1.0162604869486878,0.9888013660609616
2022-04-22,1.1096925013486822,1.0162604869486878,0.9888013660609616
2022-04-25,1.1057663489780054,1.0162604869486878,0.9888013660609616
2022-04-26,1.0810705508601608,1.0162604869486878,0.9888013660609616
2022-04-27,1.0924194289596234,1.0162604869486878,0.9888013660609616
2022-04-28,1.0981138484285438,1.0162604869486878,0.9888013660609616
2022-04-29,1.0777038502267815,1.0162604869486878,0.9888013660609616
2022-05-02,1.0653459609582645,1.0162604869486878,0.9888013660609616
2022-05-03,1.064237047693264,1.0162604869486878,0.9888013660609616
2022-05-04,1.0823792683170528,1.0162604869486878,0.9888013660609616
2022-05-05,1.052009031149477,1.0162604869486878,0.9888013660609616
2022-05-06,1.05032068572799,1.0162604869486878,0.9888013660609616
2022-05-09,1.0314891406421742,1.0162604869486878,0.9888013660609616
2022-05-10,1.0300905112989307,1.0162604869486878,0.9888013660609616
2022-05-11,1.0429479110471775,1.0162604869486878,0.9888013660609616
2022-05-12,1.0558452716338027,1.0162604869486878,0.9888013660609616
2022-05-13,1.068193170692725,1.0162604869486878,0.9888013660609616
2022-05-16,1.081270355052053,1.0162604869486878,0.9888013660609616
2022-05-17,1.086824911586649,1.0162604869486878,0.9888013660609616
2022-05-18,1.0614297987971826,1.0162604869486878,0.9888013660609616
2022-05-19,1.0690023776698874,1.0162604869486878,0.9888013660609616
2022-05-20,1.083817858498675,1.0162604869486878,0.9888013660609616
2022-05-23,1.102379667925437,1.0162604869486878,0.9888013660609616
2022-05-24,1.1047273671801674,1.0162604869486878,0.9888013660609616
2022-05-25,1.1047173769705727,1.0162604869486878,0.9888013660609616
2022-05-26,1.1178045515394952,1.0162604869486878,0.9888013660609616
2022-05-27,1.1183240424384144,1.0162604869486878,0.9888013660609616
2022-05-30,1.109232951707331,1.0162604869486878,0.9888013660609616
2022-05-31,1.1124198285680074,1.0162604869486878,0.9888013660609616
2022-06-01,1.112509740454359,1.0162604869486878,0.9888013660609616
2022-06-02,1.122829626965578,1.0162604869486878,0.9888013660609616
2022-06-03,1.1099322663789528,1.0162604869486878,0.9888013660609616
2022-06-06,1.1007812343903016,1.0162604869486878,0.9888013660609616
2022-06-07,1.0996223700773282,1.0162604869486878,0.9888013660609616
2022-06-08,1.0826190333473236,1.0162604869486878,0.9888013660609616
2022-06-09,1.0698915063238066,1.0162604869486878,0.9888013660609616
2022-06-10,1.0537772982477212,1.0162604869486878,0.9888013660609616
2022-06-13,1.024975523986497,1.0162604869486878,0.9888013660609616
2022-06-14,1.0196307618533875,1.0162604869486878,0.9888013660609616
2022-06-15,1.027063477791768,1.0162604869486878,0.9888013660609616
2022-06-17,0.9972726727806788,1.0162604869486878,0.9888013660609616
2022-06-20,0.9975523986493275,1.0162604869486878,0.9888013660609616
2022-06-21,0.9958740434374352,1.0162604869486878,0.9888013660609616
2022-06-22,0.994245639273516,1.0162604869486878,0.9888013660609616
2022-06-23,0.9798397570381066,1.0162604869486878,0.9888013660609616
2022-06-24,0.9857539611181082,1.0162604869486878,0.9888013660609616
2022-06-27,1.0066534795900057,1.0162604869486878,0.9888013660609616
2022-06-28,1.0049251733301405,1.0162604869486878,0.9888013660609616
2022-06-29,0.9952446602329756,1.0162604869486878,0.9888013660609616
2022-06-30,0.9844552338708105,1.0162604869486878,0.9888013660609616
2022-07-01,0.9885712002237845,1.0162604869486878,0.9888013660609616
2022-07-04,0.9851245779136484,1.0162604869486878,0.9888013660609616
2022-07-05,0.9819876521009447,1.0162604869486878,0.9888013660609616
2022-07-06,0.9862235009690541,1.0162604869486878,0.9888013660609616
2022-07-07,1.0063138124637894,1.0162604869486878,0.9888013660609616
2022-07-08,1.0019081300325718,1.0162604869486878,0.9888013660609616
2022-07-11,0.9811584647045931,1.0162604869486878,0.9888013660609616
2022-07-12,0.9817478870706744,1.0162604869486878,0.9888013660609616
2022-07-13,0.9778517053287815,1.0162604869486878,0.9888013660609616
2022-07-14,0.9602689364422902,1.0162604869486878,0.9888013660609616
2022-07-15,0.9645647265679671,1.0162604869486878,0.9888013660609616
2022-07-18,0.9682111530699951,1.0162604869486878,0.9888013660609616
2022-07-19,0.981488141621215,1.0162604869486878,0.9888013660609616
2022-07-20,0.981907730424188,1.0162604869486878,0.9888013660609616
2022-07-21,0.9893604267817576,1.0162604869486878,0.9888013660609616
2022-07-22,0.9882814841455411,1.0162604869486878,0.9888013660609616
2022-07-25,1.0017183160502745,1.0162604869486878,0.9888013660609616
2022-07-26,0.996743191672165,1.0162604869486878,0.9888013660609616
2022-07-27,1.013386880856764,1.0162604869486878,0.9888013660609616
2022-07-28,1.0249655337769024,1.0162604869486878,0.9888013660609616
2022-07-29,1.0306399728266338,1.0162604869486878,0.9888013660609616
2022-08-01,1.0212491758077122,1.0162604869486878,0.9888013660609616
2022-08-02,1.0326080441167695,1.0162604869486878,0.9888013660609616
2022-08-03,1.0367340006793384,1.0162604869486878,0.9888013660609616
2022-08-04,1.0578832743911009,1.0162604869486878,0.9888013660609616
2022-08-05,1.0636775959559674,1.0162604869486878,0.9888013660609616
2022-08-08,1.0829587004735404,1.0162604869486878,0.9888013660609616
2022-08-09,1.085446262662595,1.0162604869486878,0.9888013660609616
2022-08-10,1.1012807448700317,1.0162604869486878,0.9888013660609616
2022-08-11,1.0961058163000303,1.0162604869486878,0.9888013660609616
2022-08-12,1.1265359947251739,1.0162604869486878,0.9888013660609616
2022-08-15,1.129213370896526,1.0162604869486878,0.9888013660609616
2022-08-16,1.1340086715019329,1.0162604869486878,0.9888013660609616
2022-08-17,1.135966752582474,1.0162604869486878,0.9888013660609616
2022-08-18,1.1370157245899066,1.0162604869486878,0.9888013660609616
2022-08-19,1.1138684089592246,1.0162604869486878,0.9888013660609616
2022-08-22,1.1039281504126002,1.0162604869486878,0.9888013660609616
2022-08-23,1.1274650842174714,1.0162604869486878,0.9888013660609616
2022-08-24,1.1278746828108497,1.0162604869486878,0.9888013660609616
2022-08-25,1.1342084756938244,1.0162604869486878,0.9888013660609616
2022-08-26,1.121890547263686,1.0162604869486878,0.9888013660609616
2022-08-29,1.1221303122939563,1.0162604869486878,0.9888013660609616
2022-08-30,1.103228835740978,1.0162604869486878,0.9888013660609616
2022-08-31,1.0941577254290837,1.0162604869486878,0.9888013660609616
2022-09-01,1.1029690902915186,1.0162604869486878,0.9888013660609616
2022-09-02,1.1075545964954387,1.0162604869486878,0.9888013660609616
2022-09-05,1.1209314871426046,1.0162604869486878,0.9888013660609616
2022-09-06,1.0965653659413817,1.0162604869486878,0.9888013660609616
2022-09-08,1.0980838777997606,1.0162604869486878,0.9888013660609616
2022-09-09,1.1219005374732807,1.0162604869486878,0.9888013660609616
2022-09-12,1.1329596994945,1.0162604869486878,0.9888013660609616
2022-09-13,1.106855281823817,1.0162604869486878,0.9888013660609616
2022-09-14,1.1043877000539517,1.0162604869486878,0.9888013660609616
2022-09-15,1.0984635057643555,1.0162604869486878,0.9888013660609616
2022-09-16,1.0917301044975969,1.0162604869486878,0.9888013660609616
2022-09-19,1.1171451977062525,1.0162604869486878,0.9888013660609616
2022-09-20,1.1240684129553087,1.0162604869486878,0.9888013660609616
2022-09-21,1.1182641011808476,1.0162604869486878,0.9888013660609616
2022-09-22,1.1395832084557183,1.0162604869486878,0.9888013660609616
2022-09-23,1.1160662550700362,1.0162604869486878,0.9888013660609616
2022-09-26,1.0900717297048939,1.0162604869486878,0.9888013660609616
2022-09-27,1.082698955024081,1.0162604869486878,0.9888013660609616
2022-09-28,1.0834482207436757,1.0162604869486878,0.9888013660609616
2022-09-29,1.0755859257927276,1.0162604869486878,0.9888013660609616
2022-09-30,1.099292693160707,1.0162604869486878,0.9888013660609616
2022-10-03,1.160203001058967,1.0162604869486878,0.9888013660609616
2022-10-04,1.1611620611800482,1.0162604869486878,0.9888013660609616
2022-10-05,1.1708325840676184,1.0162604869486878,0.9888013660609616
2022-10-06,1.1744590301504572,1.0162604869486878,0.9888013660609616
2022-10-07,1.1626106415712647,1.0162604869486878,0.9888013660609616
2022-10-10,1.1582748906072093,1.0162604869486878,0.9888013660609616
2022-10-11,1.147145797118828,1.0162604869486878,0.9888013660609616
2022-10-13,1.141880956662475,1.0162604869486878,0.9888013660609616
2022-10-14,1.1196227696857122,1.0162604869486878,0.9888013660609616
2022-10-17,1.1351275749765273,1.0162604869486878,0.9888013660609616
2022-10-18,1.1562968291074789,1.0162604869486878,0.9888013660609616
2022-10-19,1.16160163040221,1.0162604869486878,0.9888013660609616
2022-10-20,1.1705628484085637,1.0162604869486878,0.9888013660609616
2022-10-21,1.198115846470463,1.0162604869486878,0.9888013660609616
2022-10-24,1.15899418569802,1.0162604869486878,0.9888013660609616
2022-10-25,1.1451377649903134,1.0162604869486878,0.9888013660609616
2022-10-26,1.1265359947251732,1.0162604869486878,0.9888013660609616
2022-10-27,1.1452876181342324,1.0162604869486878,0.9888013660609616
2022-10-28,1.1442686167555836,1.0162604869486878,0.9888013660609616
2022-10-31,1.1592339507282903,1.0162604869486878,0.9888013660609616
2022-11-01,1.1681452176866711,1.0162604869486878,0.9888013660609616
2022-11-03,1.1678155407700495,1.0162604869486878,0.9888013660609616
2022-11-04,1.1803932146496474,1.0162604869486878,0.9888013660609616
2022-11-07,1.152290755060045,1.0162604869486878,0.9888013660609616
2022-11-08,1.1604627465084256,1.0162604869486878,0.9888013660609616
2022-11-09,1.1346880057543645,1.0162604869486878,0.9888013660609616
2022-11-10,1.0966752582469217,1.0162604869486878,0.9888013660609616
2022-11-11,1.1214309976223338,1.0162604869486878,0.9888013660609616
2022-11-14,1.1305021079342281,1.0162604869486878,0.9888013660609616
2022-11-16,1.1013506763371932,1.0162604869486878,0.9888013660609616
2022-11-17,1.0959559631561107,1.0162604869486878,0.9888013660609616
2022-11-18,1.087734020659757,1.0162604869486878,0.9888013660609616
2022-11-21,1.0964055225878675,1.0162604869486878,0.9888013660609616
2022-11-22,1.0893024835661087,1.0162604869486878,0.9888013660609616
2022-11-23,1.0857659493696212,1.0162604869486878,0.9888013660609616
2022-11-24,1.1172151291734136,1.0162604869486878,0.9888013660609616
2022-11-25,1.0887030709904328,1.0162604869486878,0.9888013660609616
2022-11-28,1.0867549801194862,1.0162604869486878,0.9888013660609616
2022-11-29,1.1080141461367894,1.0162604869486878,0.9888013660609616
2022-11-30,1.1237587164578748,1.0162604869486878,0.9888013660609616
2022-12-01,1.1081739894903029,1.0162604869486878,0.9888013660609616
2022-12-02,1.1181442186657111,1.0162604869486878,0.9888013660609616
2022-12-05,1.0929389198585422,1.0162604869486878,0.9888013660609616
2022-12-06,1.094257627525029,1.0162604869486878,0.9888013660609616
2022-12-07,1.0925393114747584,1.0162604869486878,0.9888013660609616
2022-12-08,1.0714000279725904,1.0162604869486878,0.9888013660609616
2022-12-09,1.0758356810325915,1.0162604869486878,0.9888013660609616
2022-12-12,1.051609422765693,1.0162604869486878,0.9888013660609616
2022-12-13,1.0379028552019054,1.0162604869486878,0.9888013660609616
2022-12-14,1.0370137265479862,1.0162604869486878,0.9888013660609616
2022-12-15,1.0363643629243373,1.0162604869486878,0.9888013660609616
2022-12-16,1.02724330156447,1.0162604869486878,0.9888013660609616
2022-12-19,1.0442766089232585,1.0162604869486878,0.9888013660609616
2022-12-20,1.0687426322204272,1.0162604869486878,0.9888013660609616
2022-12-21,1.0720793622250229,1.0162604869486878,0.9888013660609616
2022-12-22,1.0721193230634012,1.0162604869486878,0.9888013660609616
2022-12-23,1.0959060121081374,1.0162604869486878,0.9888013660609616
2022-12-26,1.086315410897324,1.0162604869486878,0.9888013660609616
2022-12-27,1.0824092389458366,1.0162604869486878,0.9888013660609616
2022-12-28,1.1012907350796255,1.0162604869486878,0.9888013660609616
2022-12-29,1.0992327519031384,1.0162604869486878,0.9888013660609616
2023-01-02,1.0627185358348852,1.0162604869486878,0.9888013660609616
2023-01-03,1.040640172630825,1.0162604869486878,0.9888013660609616
2023-01-04,1.0523087374373146,1.0162604869486878,0.9888013660609616
2023-01-05,1.074127355191915,1.0162604869486878,0.9888013660609616
2023-01-06,1.0872944514375942,1.0162604869486878,0.9888013660609616
2023-01-09,1.0912006233890819,1.0162604869486878,0.9888013660609616
2023-01-10,1.1080341265559783,1.0162604869486878,0.9888013660609616
2023-01-11,1.1165357949209807,1.0162604869486878,0.9888013660609616
2023-01-12,1.1176746788147647,1.0162604869486878,0.9888013660609616
2023-01-13,1.1080740873943566,1.0162604869486878,0.9888013660609616
2023-01-16,1.0910607604547575,1.0162604869486878,0.9888013660609616
2023-01-17,1.1132989670123312,1.0162604869486878,0.9888013660609616
2023-01-18,1.1234190493316583,1.0162604869486878,0.9888013660609616
2023-01-19,1.1289536254470651,1.0162604869486878,0.9888013660609616
2023-01-20,1.121910527682874,1.0162604869486878,0.9888013660609616
2023-01-23,1.1159963236028725,1.0162604869486878,0.9888013660609616
2023-01-24,1.1291734100581463,1.0162604869486878,0.9888013660609616
2023-01-25,1.1408319846550414,1.0162604869486878,0.9888013660609616
2023-01-26,1.139972826629906,1.0162604869486878,0.9888013660609616
2023-01-27,1.123918559811388,1.0162604869486878,0.9888013660609616
2023-01-30,1.1177845711203054,1.0162604869486878,0.9888013660609616
2023-01-31,1.1342084756938233,1.0162604869486878,0.9888013660609616
2023-02-01,1.1219305081020632,1.0162604869486878,0.9888013660609616
2023-02-02,1.0982736917820566,1.0162604869486878,0.9888013660609616
2023-02-03,1.0838378389178636,1.0162604869486878,0.9888013660609616
2023-02-06,1.0834981717916472,1.0162604869486878,0.9888013660609616
2023-02-07,1.078143419448943,1.0162604869486878,0.9888013660609616
2023-02-08,1.097744210673543,1.0162604869486878,0.9888013660609616
2023-02-09,1.0767747607344833,1.0162604869486878,0.9888013660609616
2023-02-10,1.0804411676557006,1.0162604869486878,0.9888013660609616
2023-02-13,1.0873943535335404,1.0162604869486878,0.9888013660609616
2023-02-14,1.0755359747447535,1.0162604869486878,0.9888013660609616
2023-02-15,1.0933485184519205,1.0162604869486878,0.9888013660609616
2023-02-16,1.0979739854942192,1.0162604869486878,0.9888013660609616
2023-02-17,1.0919598793182717,1.0162604869486878,0.9888013660609616
2023-02-22,1.0704709384802928,1.0162604869486878,0.9888013660609616
2023-02-23,1.076145377530024,1.0162604869486878,0.9888013660609616
2023-02-24,1.0576934604088029,1.0162604869486878,0.9888013660609616
2023-02-27,1.0560750464544781,1.0162604869486878,0.9888013660609616
2023-02-28,1.0482926731802868,1.0162604869486878,0.9888013660609616
2023-03-01,1.0428280285320422,1.0162604869486878,0.9888013660609616
2023-03-02,1.0322483965713636,1.0162604869486878,0.9888013660609616
2023-03-03,1.0376431097524461,1.0162604869486878,0.9888013660609616
2023-03-06,1.0459749445543403,1.0162604869486878,0.9888013660609616
2023-03-07,1.0412595656256902,1.0162604869486878,0.9888013660609616
2023-03-08,1.0643569302083993,1.0162604869486878,0.9888013660609616
2023-03-09,1.0496813123139357,1.0162604869486878,0.9888013660609616
2023-03-10,1.0351655377729858,1.0162604869486878,0.9888013660609616
2023-03-13,1.030200403604471,1.0162604869486878,0.9888013660609616
2023-03-14,1.028312253991092,1.0162604869486878,0.9888013660609616
2023-03-15,1.0257447701252804,1.0162604869486878,0.9888013660609616
2023-03-16,1.0333373294171744,1.0162604869486878,0.9888013660609616
2023-03-17,1.0188215548762245,1.0162604869486878,0.9888013660609616
2023-03-20,1.008241922915546,1.0162604869486878,0.9888013660609616
2023-03-21,1.0089911886351406,1.0162604869486878,0.9888013660609616
2023-03-24,0.987322424024459,1.0162604869486878,0.9888013660609616
2023-03-27,0.9957241902935152,1.0162604869486878,0.9888013660609616
2023-03-28,1.0108593578293303,1.0162604869486878,0.9888013660609616
2023-03-29,1.0169334052628456,1.0162604869486878,0.9888013660609616
2023-03-30,1.0361146076844725,1.0162604869486878,0.9888013660609616
2023-03-31,1.0178225339167648,1.0162604869486878,0.9888013660609616
2023-04-03,1.0140662151091961,1.0162604869486878,0.9888013660609616
2023-04-04,1.0176926611920352,1.0162604869486878,0.9888013660609616
2023-04-05,1.008791384443249,1.0162604869486878,0.9888013660609616
2023-04-06,1.0072329117464918,1.0162604869486878,0.9888013660609616
2023-04-10,1.017472876580954,1.0162604869486878,0.9888013660609616
2023-04-11,1.0611001218805605,1.0162604869486878,0.9888013660609616
2023-04-12,1.0678535035665084,1.0162604869486878,0.9888013660609616
2023-04-13,1.0635377330216425,1.0162604869486878,0.9888013660609616
2023-04-14,1.0617494855042096,1.0162604869486878,0.9888013660609616
2023-04-17,1.0591220603808305,1.0162604869486878,0.9888013660609616
2023-04-18,1.0605906211912361,1.0162604869486878,0.9888013660609616
2023-04-19,1.0381126496033921,1.0162604869486878,0.9888013660609616
2023-04-20,1.0426482047593393,1.0162604869486878,0.9888013660609616
2023-04-24,1.0384523167296085,1.0162604869486878,0.9888013660609616
2023-04-25,1.0311894343543362,1.0162604869486878,0.9888013660609616
2023-04-26,1.0221183240424419,1.0162604869486878,0.9888013660609616
2023-04-27,1.028222342104741,1.0162604869486878,0.9888013660609616
2023-04-28,1.0432975683829884,1.0162604869486878,0.9888013660609616
2023-05-02,1.018272093348522,1.0162604869486878,0.9888013660609616
2023-05-03,1.0169733661012244,1.0162604869486878,0.9888013660609616
2023-05-04,1.0207396751183875,1.0162604869486878,0.9888013660609616
2023-05-05,1.05045055845272,1.0162604869486878,0.9888013660609616
2023-05-08,1.05938180583029,1.0162604869486878,0.9888013660609616
2023-05-09,1.0700913105156984,1.0162604869486878,0.9888013660609616
2023-05-10,1.0734280405202938,1.0162604869486878,0.9888013660609616
2023-05-11,1.0815001298727285,1.0162604869486878,0.9888013660609616
2023-05-12,1.0835780934684047,1.0162604869486878,0.9888013660609616
2023-05-15,1.0892225618893523,1.0162604869486878,0.9888013660609616
2023-05-16,1.0808807368778635,1.0162604869486878,0.9888013660609616
2023-05-17,1.0935283422246236,1.0162604869486878,0.9888013660609616
2023-05-18,1.1000019980419224,1.0162604869486878,0.9888013660609616
2023-05-19,1.106365761553681,1.0162604869486878,0.9888013660609616
2023-05-22,1.1010509700493551,1.0162604869486878,0.9888013660609616
2023-05-23,1.0982137505244896,1.0162604869486878,0.9888013660609616
2023-05-24,1.086934803892189,1.0162604869486878,0.9888013660609616
2023-05-25,1.099462526723814,1.0162604869486878,0.9888013660609616
2023-05-26,1.107974185298411,1.0162604869486878,0.9888013660609616
2023-05-29,1.1022497952007069,1.0162604869486878,0.9888013660609616
2023-05-30,1.088603168894487,1.0162604869486878,0.9888013660609616
2023-05-31,1.0822893564307015,1.0162604869486878,0.9888013660609616
2023-06-01,1.1045675238266535,1.0162604869486878,0.9888013660609616
2023-06-02,1.1244780115486859,1.0162604869486878,0.9888013660609616
2023-06-05,1.1258566604727402,1.0162604869486878,0.9888013660609616
2023-06-06,1.1449779216367995,1.0162604869486878,0.9888013660609616
2023-06-07,1.153749325660856,1.0162604869486878,0.9888013660609616
2023-06-09,1.1690443365501844,1.0162604869486878,0.9888013660609616
2023-06-12,1.1722112329916716,1.0162604869486878,0.9888013660609616
2023-06-13,1.1662870387020754,1.0162604869486878,0.9888013660609616
2023-06-14,1.1895242662191088,1.0162604869486878,0.9888013660609616
2023-06-15,1.1910427780774875,1.0162604869486878,0.9888013660609616
2023-06-16,1.186417311035189,1.0162604869486878,0.9888013660609616
2023-06-19,1.1974065415892459,1.0162604869486878,0.9888013660609616
2023-06-20,1.195048852124921,1.0162604869486878,0.9888013660609616
2023-06-21,1.2030210393814096,1.0162604869486878,0.9888013660609616
2023-06-22,1.188175587923838,1.0162604869486878,0.9888013660609616
2023-06-23,1.1886051669364057,1.0162604869486878,0.9888013660609616
2023-06-26,1.1812723530939713,1.0162604869486878,0.9888013660609616
2023-06-27,1.1740794021858612,1.0162604869486878,0.9888013660609616
2023-06-28,1.1656676457072102,1.0162604869486878,0.9888013660609616
2023-06-29,1.1826709824372148,1.0162604869486878,0.9888013660609616
2023-06-30,1.179713880397214,1.0162604869486878,0.9888013660609616
2023-07-03,1.1955583528142455,1.0162604869486878,0.9888013660609616
2023-07-04,1.1895941976862707,1.0162604869486878,0.9888013660609616
2023-07-05,1.1943195668245155,1.0162604869486878,0.9888013660609616
2023-07-06,1.1731103518551853,1.0162604869486878,0.9888013660609616
2023-07-07,1.1878159403784325,1.0162604869486878,0.9888013660609616
2023-07-10,1.1782653000059975,1.0162604869486878,0.9888013660609616
2023-07-11,1.1710523686786982,1.0162604869486878,0.9888013660609616
2023-07-12,1.1755080021578885,1.0162604869486878,0.9888013660609616
2023-07-13,1.1914723570900552,1.0162604869486878,0.9888013660609616
2023-07-14,1.1759575615896456,1.0162604869486878,0.9888013660609616
2023-07-17,1.181032588063701,1.0162604869486878,0.9888013660609616
2023-07-18,1.177256288836943,1.0162604869486878,0.9888013660609616
2023-07-19,1.1743691182641045,1.0162604869486878,0.9888013660609616
2023-07-20,1.1796739195588357,1.0162604869486878,0.9888013660609616
2023-07-21,1.2009930268337063,1.0162604869486878,0.9888013660609616
2023-07-24,1.2122320126276283,1.0162604869486878,0.9888013660609616
2023-07-25,1.2188854922176302,1.0162604869486878,0.9888013660609616
2023-07-26,1.224400087913848,1.0162604869486878,0.9888013660609616
2023-07-27,1.1987252492557328,1.0162604869486878,0.9888013660609616
2023-07-28,1.2006933205458685,1.0162604869486878,0.9888013660609616
2023-07-31,1.2182361285939816,1.0162604869486878,0.9888013660609616
2023-08-01,1.2112929329257365,1.0162604869486878,0.9888013660609616
2023-08-02,1.207406741393438,1.0162604869486878,0.9888013660609616
2023-08-03,1.2046794141741128,1.0162604869486878,0.9888013660609616
2023-08-04,1.193909968231137,1.0162604869486878,0.9888013660609616
2023-08-07,1.1926312214030286,1.0162604869486878,0.9888013660609616
2023-08-08,1.1897340606205953,1.0162604869486878,0.9888013660609616
2023-08-09,1.1829307278866745,1.0162604869486878,0.9888013660609616
2023-08-10,1.1823413055205934,1.0162604869486878,0.9888013660609616
2023-08-11,1.179494095786133,1.0162604869486878,0.9888013660609616
2023-08-14,1.1669563827449134,1.0162604869486878,0.9888013660609616
2023-08-15,1.1605726388139659,1.0162604869486878,0.9888013660609616
2023-08-16,1.154788307458694,1.0162604869486878,0.9888013660609616
2023-08-17,1.1486942796059896,1.0162604869486878,0.9888013660609616
2023-08-18,1.1529600991028828,1.0162604869486878,0.9888013660609616
2023-08-21,1.1431696937001774,1.0162604869486878,0.9888013660609616
2023-08-22,1.160422785670047,1.0162604869486878,0.9888013660609616
2023-08-23,1.1801934104577552,1.0162604869486878,0.9888013660609616
2023-08-24,1.1691142680173467,1.0162604869486878,0.9888013660609616
2023-08-25,1.1572359088093704,1.0162604869486878,0.9888013660609616
2023-08-28,1.1700633379288334,1.0162604869486878,0.9888013660609616
2023-08-29,1.1828807768387017,1.0162604869486878,0.9888013660609616
2023-08-30,1.1741992847009968,1.0162604869486878,0.9888013660609616
2023-08-31,1.1562868388978838,1.0162604869486878,0.9888013660609616
2023-09-01,1.1777757797358626,1.0162604869486878,0.9888013660609616
2023-09-04,1.1766169154228892,1.0162604869486878,0.9888013660609616
2023-09-05,1.1721612819436986,1.0162604869486878,0.9888013660609616
2023-09-06,1.1587144598293706,1.0162604869486878,0.9888013660609616
2023-09-08,1.1520010389818012,1.0162604869486878,0.9888013660609616
2023-09-11,1.167685668045319,1.0162604869486878,0.9888013660609616
2023-09-12,1.178525045455457,1.0162604869486878,0.9888013660609616
2023-09-13,1.1806030090511332,1.0162604869486878,0.9888013660609616
2023-09-14,1.1927511039181635,1.0162604869486878,0.9888013660609616
2023-09-15,1.1864173110351888,1.0162604869486878,0.9888013660609616
2023-09-18,1.181721912525728,1.0162604869486878,0.9888013660609616
2023-09-19,1.177306239884916,1.0162604869486878,0.9888013660609616
2023-09-20,1.185787927830729,1.0162604869486878,0.9888013660609616
2023-09-21,1.160312893364506,1.0162604869486878,0.9888013660609616
2023-09-22,1.1589542248596407,1.0162604869486878,0.9888013660609616
2023-09-25,1.1581150472536945,1.0162604869486878,0.9888013660609616
2023-09-26,1.140812004235852,1.0162604869486878,0.9888013660609616
2023-09-27,1.142150692321528,1.0282326082964908,0.9888013660609616
2023-09-28,1.1561769465923428,1.0277184919923426,0.9888013660609616
2023-09-29,1.1645087813942372,1.0277184919923426,0.9888013660609616
2023-10-02,1.1494435453255845,1.0277184919923426,0.9888013660609616
2023-10-03,1.133079582009634,1.0277184919923426,0.9888013660609616
2023-10-04,1.1349577414134184,1.0277184919923426,0.9888013660609616
2023-10-05,1.1317309037143635,1.0277184919923426,0.9888013660609616
2023-10-06,1.1405822294151766,1.0277184919923426,0.9888013660609616
2023-10-09,1.1504325760754495,1.0277184919923426,0.9888013660609616
2023-10-10,1.166227097444508,1.0277184919923426,0.9888013660609616
2023-10-11,1.1693640232572116,1.0277184919923426,0.9888013660609616
2023-10-13,1.156406721413019,1.0277184919923426,0.9888013660609616
2023-10-16,1.1641990848968047,1.0277184919923426,0.9888013660609616
2023-10-17,1.1579452136905868,1.0277184919923426,0.9888013660609616
2023-10-18,1.139483306359771,1.0277184919923426,0.9888013660609616
2023-10-19,1.1389238546224734,1.0277184919923426,0.9888013660609616
2023-10-20,1.1304421666766602,1.0277184919923426,0.9888013660609616
2023-10-23,1.1267457891266592,1.0277184919923426,0.9888013660609616
2023-10-24,1.136506223900581,1.0277184919923426,0.9888013660609616
2023-10-25,1.1271953485584163,1.0277184919923426,0.9888013660609616
2023-10-26,1.1466462866390974,1.0277184919923426,0.9888013660609616
2023-10-27,1.1319007372774716,1.0277184919923426,0.9888013660609616
2023-10-30,1.1242182660992264,1.0277184919923426,0.9888013660609616
2023-10-31,1.13033227437112,1.0277184919923426,0.9888013660609616
2023-11-01,1.1494035844872064,1.0277184919923426,0.9888013660609616
2023-11-03,1.1804431656976202,1.0277184919923426,0.9888013660609616
2023-11-06,1.1837099642350537,1.0277184919923426,0.9888013660609616
2023-11-07,1.1915123179284344,1.0277184919923426,0.9888013660609616
2023-11-08,1.1898239725069475,1.0277184919923426,0.9888013660609616
2023-11-09,1.1889548242722174,1.0277184919923426,0.9888013660609616
2023-11-10,1.2051789246538436,1.0277184919923426,0.9888013660609616
2023-11-13,1.2025814701592483,1.0277184919923426,0.9888013660609616
2023-11-14,1.2320725688824996,1.0277184919923426,0.9888013660609616
2023-11-16,1.244540350456557,1.0277184919923426,0.9888013660609616
2023-11-17,1.2493955923195315,1.0277184919923426,0.9888013660609616
2023-11-20,1.2597154788307505,1.0277184919923426,0.9888013660609616
2023-11-21,1.254840256548587,1.0277184919923426,0.9888013660609616
2023-11-22,1.2591160662550747,1.0277184919923426,0.9888013660609616
2023-11-23,1.2645207696457519,1.0277184919923426,0.9888013660609616
2023-11-24,1.2541908929249383,1.0277184919923426,0.9888013660609616
2023-11-27,1.2555995124777763,1.0277184919923426,0.9888013660609616
2023-11-28,1.264141141681157,1.0277184919923426,0.9888013660609616
2023-11-29,1.259775420088318,1.0277184919923426,0.9888013660609616
2023-11-30,1.2720633778896726,1.0277184919923426,0.9888013660609616
2023-12-01,1.279775819696702,1.0277184919923426,0.9888013660609616
2023-12-04,1.2667885472237255,1.0277184919923426,0.9888013660609616
2023-12-05,1.2677875681831854,1.0277184919923426,0.9888013660609616
2023-12-06,1.2550000999021007,1.0277184919923426,0.9888013660609616
2023-12-07,1.2588663110152098,1.0277184919923426,0.9888013660609616
2023-12-08,1.2696956982157535,1.0277184919923426,0.9888013660609616
2023-12-11,1.267917440907915,1.0277184919923426,0.9888013660609616
2023-12-12,1.2627924633858867,1.0277184919923426,0.9888013660609616
2023-12-13,1.2933824851645437,1.0277184919923426,0.9888013660609616
2023-12-14,1.3071390037763042,1.0277184919923426,0.9888013660609616
2023-12-15,1.300695318587789,1.0277184919923426,0.9888013660609616
2023-12-18,1.309556634498197,1.0277184919923426,0.9888013660609616
2023-12-19,1.3172191252572532,1.0277184919923426,0.9888013660609616
2023-12-20,1.3067593758117098,1.0277184919923426,0.9888013660609616
2023-12-21,1.320525884633065,1.0277184919923426,0.9888013660609616
2023-12-22,1.32623029431158,1.0277184919923426,0.9888013660609616
2023-12-26,1.3340226577953658,1.0277184919923426,0.9888013660609616
2023-12-27,1.3406261863373945,1.0277184919923426,0.9888013660609616
2023-12-28,1.3405362744510432,1.0277184919923426,0.9888013660609616
2024-01-02,1.3256708425742822,1.0277184919923426,0.9888013660609616
2024-01-03,1.3270395012887422,1.0277184919923426,0.9888013660609616
2024-01-04,1.3109752442606297,1.0277184919923426,0.9888013660609616
2024-01-05,1.3189374413075239,1.0277184919923426,0.9888013660609616
2024-01-08,1.3229734859837412,1.0277184919923426,0.9888013660609616
2024-01-09,1.3131830805810358,1.0277184919923426,0.9888013660609616
2024-01-10,1.30712901356671,1.0277184919923426,0.9888013660609616
2024-01-11,1.3052108933245474,1.0277184919923426,0.9888013660609616
2024-01-12,1.3085975743771159,1.0277184919923426,0.9888013660609616
2024-01-15,1.3139223560910365,1.0277184919923426,0.9888013660609616
2024-01-16,1.2916741593238683,1.0277184919923426,0.9888013660609616
2024-01-17,1.2839816979360283,1.0277184919923426,0.9888013660609616
2024-01-18,1.2719135247457547,1.0277184919923426,0.9888013660609616
2024-01-19,1.2751103918160258,1.0277184919923426,0.9888013660609616
2024-01-22,1.264780515095212,1.0277184919923426,0.9888013660609616
2024-01-23,1.2813742532318384,1.0277184919923426,0.9888013660609616
2024-01-24,1.2769086295430534,1.0277184919923426,0.9888013660609616
2024-01-25,1.2804351735299464,1.0277184919923426,0.9888013660609616
2024-01-26,1.288407360786435,1.0277184919923426,0.9888013660609616
2024-01-29,1.2837719035345418,1.0277184919923426,0.9888013660609616
2024-01-30,1.27277268277089,1.0277184919923426,0.9888013660609616
2024-01-31,1.2762692561289992,1.0277184919923426,0.9888013660609616
2024-02-01,1.2835521189234607,1.0277184919923426,0.9888013660609616
2024-02-02,1.2705748366600786,1.0277184919923426,0.9888013660609616
2024-02-05,1.2746808128034581,1.0277184919923426,0.9888013660609616
2024-02-06,1.3028831744890064,1.0277184919923426,0.9888013660609616
2024-02-07,1.2948110851365717,1.0277184919923426,0.9888013660609616
2024-02-08,1.2809147035904869,1.0277184919923426,0.9888013660609616
2024-02-09,1.2790065735579188,1.0277184919923426,0.9888013660609616
2024-02-14,1.2689364422865645,1.0277184919923426,0.9888013660609616
2024-02-15,1.276788747027918,1.0277184919923426,0.9888013660609616
2024-02-16,1.2859997202741367,1.0277184919923426,0.9888013660609616
2024-02-19,1.2890966852484618,1.0277184919923426,0.9888013660609616
2024-02-20,1.2978880696917074,1.0277184919923426,0.9888013660609616
2024-02-21,1.2990469340046806,1.0277184919923426,0.9888013660609616
2024-02-22,1.3011348878099513,1.0277184919923426,0.9888013660609616
2024-02-23,1.2929229355231924,1.0277184919923426,0.9888013660609616
2024-02-26,1.2948210753461658,1.0277184919923426,0.9888013660609616
2024-02-27,1.3156007113029282,1.0277184919923426,0.9888013660609616
2024-02-28,1.300275729784816,1.0277184919923426,0.9888013660609616
2024-02-29,1.288936841894948,1.0277184919923426,0.9888013660609616
2024-03-01,1.2905352754300836,1.0277184919923426,0.9888013660609616
2024-03-04,1.2821534895802165,1.0277184919923426,0.9888013660609616
2024-03-05,1.2797258686487294,1.0277184919923426,0.9888013660609616
2024-03-06,1.2876381146476505,1.0277184919923426,0.9888013660609616
2024-03-07,1.282143499370622,1.0277184919923426,0.9888013660609616
2024-03-08,1.269465923395078,1.0277184919923426,0.9888013660609616
2024-03-11,1.2600051949089943,1.0277184919923426,0.9888013660609616
2024-03-12,1.2754300785230526,1.0277184919923426,0.9888013660609616
2024-03-13,1.2788067693660263,1.0277184919923426,0.9888013660609616
2024-03-14,1.2756498631341335,1.0277184919923426,0.9888013660609616
2024-03-15,1.2661791444384551,1.0277184919923426,0.9888013660609616
2024-03-18,1.2682970688725097,1.0277184919923426,0.9888013660609616
2024-03-19,1.274041439389403,1.0277184919923426,0.9888013660609616
2024-03-20,1.2899858139023803,1.0277184919923426,0.9888013660609616
2024-03-21,1.2803352714339993,1.0277184919923426,0.9888013660609616
2024-03-22,1.2690263541729152,1.0277184919923426,0.9888013660609616
2024-03-25,1.2680672940518338,1.0277184919923426,0.9888013660609616
2024-03-26,1.267387959799401,1.0277184919923426,0.9888013660609616
2024-03-27,1.2756598533437278,1.0277184919923426,0.9888013660609616
2024-03-28,1.2798057903254856,1.0277184919923426,0.9888013660609616
2024-04-01,1.268656716417915,1.0277184919923426,0.9888013660609616
2024-04-02,1.274241243581295,1.0277184919923426,0.9888013660609616
2024-04-03,1.271933505164943,1.0277184919923426,0.9888013660609616
2024-04-04,1.2730324282203487,1.0277184919923426,0.9888013660609616
2024-04-05,1.2667086255469684,1.0277184919923426,0.9888013660609616
2024-04-08,1.287308437731028,1.0277184919923426,0.9888013660609616
2024-04-09,1.297628324242247,1.0277184919923426,0.9888013660609616
2024-04-10,1.2792862994265664,1.0277184919923426,0.9888013660609616
2024-04-11,1.2727127415133213,1.0277184919923426,0.9888013660609616
2024-04-12,1.2582269376011552,1.0277184919923426,0.9888013660609616
2024-04-15,1.2521129293292617,1.0277184919923426,0.9888013660609616
2024-04-16,1.2426721812623671,1.0277184919923426,0.9888013660609616
2024-04-17,1.2404943155707449,1.0277184919923426,0.9888013660609616
2024-04-18,1.24074407081061,1.0277184919923426,0.9888013660609616
2024-04-19,1.2500149853143963,1.0277184919923426,0.9888013660609616
2024-04-22,1.2545005894223704,1.0277184919923426,0.9888013660609616
2024-04-23,1.2502547503446666,1.0277184919923426,0.9888013660609616
2024-04-24,1.2461887350396654,1.0277184919923426,0.9888013660609616
2024-04-25,1.2452396651281787,1.0277184919923426,0.9888013660609616
2024-04-26,1.2640212591660218,1.0277184919923426,0.9888013660609616
2024-04-29,1.272273172291159,1.0277184919923426,0.9888013660609616
2024-04-30,1.258007152990074,1.0277184919923426,0.9888013660609616
2024-05-02,1.2699754240844017,1.0277184919923426,0.9888013660609616
2024-05-03,1.283831844792108,1.0277184919923426,0.9888013660609616
2024-05-06,1.2834022657795403,1.0277184919923426,0.9888013660609616
2024-05-07,1.2908349817179208,1.0277184919923426,0.9888013660609616
2024-05-08,1.2935423285180567,1.0277184919923426,0.9888013660609616
2024-05-09,1.2806249875122424,1.0277184919923426,0.9888013660609616
2024-05-10,1.2747507442706192,1.0277184919923426,0.9888013660609616
2024-05-13,1.2802953105956207,1.0277184919923426,0.9888013660609616
2024-05-14,1.283891786049676,1.0277184919923426,0.9888013660609616
2024-05-15,1.279026553977107,1.0277184919923426,0.9888013660609616
2024-05-16,1.281584047633324,1.0277184919923426,0.9888013660609616
2024-05-17,1.2802553497572426,1.0277184919923426,0.9888013660609616
2024-05-20,1.2762592659194039,1.0277184919923426,0.9888013660609616
2024-05-21,1.2728725848668354,1.0277184919923426,0.9888013660609616
2024-05-22,1.255269835561155,1.0277184919923426,0.9888013660609616
2024-05-23,1.2460688525245307,1.0277184919923426,0.9888013660609616
2024-05-24,1.241842993866016,1.0277184919923426,0.9888013660609616
2024-05-27,1.2437411336889894,1.0277184919923426,0.9888013660609616
2024-05-28,1.2365881436192578,1.0277184919923426,0.9888013660609616
2024-05-29,1.225868648724255,1.0277184919923426,0.9888013660609616
2024-05-31,1.2197846110811452,1.0277184919923426,0.9888013660609616
2024-06-03,1.2191252572479019,1.0277184919923426,0.9888013660609616
2024-06-04,1.2168275090411445,1.0277184919923426,0.9888013660609616
2024-06-05,1.2128813762512785,1.0277184919923426,0.9888013660609616
2024-06-06,1.2277867689664177,1.0277184919923426,0.9888013660609616
2024-06-07,1.2064876421107362,1.0277184919923426,0.9888013660609616
2024-06-10,1.206417710643574,1.0277184919923426,0.9888013660609616
2024-06-11,1.2151591440388467,1.0277184919923426,0.9888013660609616
2024-06-12,1.198185777937626,1.0277184919923426,0.9888013660609616
2024-06-13,1.1945093808068141,1.0277184919923426,0.9888013660609616
2024-06-14,1.1954484605087063,1.0277184919923426,0.9888013660609616
2024-06-17,1.1902135906811373,1.0277184919923426,0.9888013660609616
2024-06-18,1.1951287738016794,1.0277184919923426,0.9888013660609616
2024-06-19,1.2014325960558703,1.0277184919923426,0.9888013660609616
2024-06-20,1.2032807848308706,1.0277184919923426,0.9888013660609616
2024-06-21,1.2122220224180353,1.0277184919923426,0.9888013660609616
2024-06-24,1.2251693340526335,1.0277184919923426,0.9888013660609616
2024-06-25,1.2221123299166867,1.0277184919923426,0.9888013660609616
2024-06-26,1.2252092948910118,1.0411739148473664,0.9888013660609616
2024-06-27,1.2418629742852054,1.0406533278899428,0.9888013660609616
2024-06-28,1.237856900237772,1.0406533278899428,0.9888013660609616
2024-07-01,1.2459589602189904,1.0406533278899428,0.9888013660609616
2024-07-02,1.2466482846810178,1.0406533278899428,0.9888013660609616
2024-07-03,1.2553897180762905,1.0406533278899428,0.9888013660609616
2024-07-04,1.2604048032927784,1.0406533278899428,0.9888013660609616
2024-07-05,1.261433794881022,1.0406533278899428,0.9888013660609616
2024-07-08,1.264241043777104,1.0406533278899428,0.9888013660609616
2024-07-09,1.2698355611500785,1.0406533278899428,0.9888013660609616
2024-07-10,1.2709344842054842,1.0406533278899428,0.9888013660609616
2024-07-11,1.2816839497292711,1.0406533278899428,0.9888013660609616
2024-07-12,1.2877080461148134,1.0406533278899428,0.9888013660609616
2024-07-15,1.2919438949829227,1.0406533278899428,0.9888013660609616
2024-07-16,1.2898359607584626,1.0406533278899428,0.9888013660609616
2024-07-17,1.2932326320206258,1.0406533278899428,0.9888013660609616
2024-07-18,1.2752702351695397,1.0406533278899428,0.9888013660609616
2024-07-19,1.2749105876241342,1.0406533278899428,0.9888013660609616
2024-07-22,1.277348198765216,1.0406533278899428,0.9888013660609616
2024-07-23,1.2646606325800773,1.0406533278899428,0.9888013660609616
2024-07-24,1.2629922675777796,1.0406533278899428,0.9888013660609616
2024-07-25,1.2583068592779134,1.0406533278899428,0.9888013660609616
2024-07-26,1.2736718016344042,1.0406533278899428,0.9888013660609616
2024-07-29,1.2682970688725108,1.0406533278899428,0.9888013660609616
2024-07-30,1.260155048052914,1.0406533278899428,0.9888013660609616
2024-07-31,1.27527023516954,1.0406533278899428,0.9888013660609616
2024-08-01,1.2727027513037286,1.0406533278899428,0.9888013660609616
2024-08-02,1.2573078383184542,1.0406533278899428,0.9888013660609616
2024-08-05,1.2514735559152093,1.0406533278899428,0.9888013660609616
2024-08-06,1.261433794881023,1.0406533278899428,0.9888013660609616
2024-08-07,1.273891586245486,1.0406533278899428,0.9888013660609616
2024-08-08,1.2853503566504894,1.0406533278899428,0.9888013660609616
2024-08-09,1.3048712261983324,1.0406533278899428,0.9888013660609616
2024-08-12,1.3098763212052256,1.0406533278899428,0.9888013660609616
2024-08-13,1.3226837699054994,1.0406533278899428,0.9888013660609616
2024-08-14,1.3318747627325291,1.0406533278899428,0.9888013660609616
2024-08-15,1.3402165877440178,1.0406533278899428,0.9888013660609616
2024-08-16,1.3382185458250984,1.0406533278899428,0.9888013660609616
2024-08-19,1.3564506783352386,1.0406533278899428,0.9888013660609616
2024-08-20,1.3595376530999692,1.0406533278899428,0.9888013660609616
2024-08-21,1.3633039621171323,1.0406533278899428,0.9888013660609616
2024-08-22,1.3504066015305072,1.0406533278899428,0.9888013660609616
2024-08-23,1.354752342704157,1.0406533278899428,0.9888013660609616
2024-08-26,1.3675498011948364,1.0406533278899428,0.9888013660609616
2024-08-27,1.3664209075106468,1.0406533278899428,0.9888013660609616
2024-08-28,1.3720953465603782,1.0406533278899428,0.9888013660609616
2024-08-29,1.359078103458618,1.0406533278899428,0.9888013660609616
2024-08-30,1.358708465703618,1.0406533278899428,0.9888013660609616
2024-09-02,1.3484884812883449,1.0406533278899428,0.9888013660609616
2024-09-03,1.3422146296629378,1.0406533278899428,0.9888013660609616
2024-09-04,1.3597774181302398,1.0406533278899428,0.9888013660609616
2024-09-05,1.3636835900817272,1.0406533278899428,0.9888013660609616
2024-09-06,1.3444024855641543,1.0406533278899428,0.9888013660609616
2024-09-09,1.3460508701472629,1.0406533278899428,0.9888013660609616
2024-09-10,1.3418849527463157,1.0406533278899428,0.9888013660609616
2024-09-11,1.345451457571587,1.0406533278899428,0.9888013660609616
2024-09-12,1.338977801754288,1.0406533278899428,0.9888013660609616
2024-09-13,1.3474994505384794,1.0406533278899428,0.9888013660609616
2024-09-16,1.3498571400028045,1.0406533278899428,0.9888013660609616
2024-09-17,1.3482786868868581,1.0406533278899428,0.9888013660609616
2024-09-18,1.3361705528582062,1.0406533278899428,0.9888013660609616
2024-09-19,1.3299266718615828,1.0406533278899428,0.9888013660609616
2024-09-20,1.3093668205159015,1.0406533278899428,0.9888013660609616
2024-09-23,1.3044016863473866,1.0406533278899428,0.9888013660609616
2024-09-24,1.3202661391836072,1.0406533278899428,0.9888013660609616
2024-09-25,1.3145717197146867,1.0406533278899428,0.9888013660609616
2024-09-26,1.3287977781773932,1.0406533278899428,0.9888013660609616
2024-09-27,1.326000519490906,1.0406533278899428,0.9888013660609616
2024-09-30,1.3168694679214439,1.0406533278899428,0.9888013660609616
2024-10-01,1.3236528202361755,1.0406533278899428,0.9888013660609616
2024-10-02,1.3338428340226647,1.0406533278899428,0.9888013660609616
2024-10-03,1.3154308777398218,1.0406533278899428,0.9888013660609616
2024-10-04,1.3166297028911733,1.0406533278899428,0.9888013660609616
2024-10-07,1.3188874902595522,1.0406533278899428,0.9888013660609616
2024-10-08,1.313832444204686,1.0406533278899428,0.9888013660609616
2024-10-09,1.29834761933306,1.0406533278899428,0.9888013660609616
2024-10-10,1.3022537912845478,1.0406533278899428,0.9888013660609616
2024-10-11,1.2986473256208981,1.0406533278899428,0.9888013660609616
2024-10-14,1.3087674079402252,1.0406533278899428,0.9888013660609616
2024-10-15,1.3091470359048196,1.0406533278899428,0.9888013660609616
2024-10-16,1.3162101140881999,1.0406533278899428,0.9888013660609616
2024-10-17,1.3066494835061702,1.0406533278899428,0.9888013660609616
2024-10-18,1.3037123618853586,1.0406533278899428,0.9888013660609616
2024-10-21,1.3023437031708989,1.0406533278899428,0.9888013660609616
2024-10-22,1.295939978820762,1.0406533278899428,0.9888013660609616
2024-10-23,1.2910647565385984,1.0406533278899428,0.9888013660609616
2024-10-24,1.2993965913404926,1.0406533278899428,0.9888013660609616
2024-10-25,1.2976582948710327,1.0406533278899428,0.9888013660609616
2024-10-28,1.3108453715359012,1.0406533278899428,0.9888013660609616
2024-10-29,1.3060201003017107,1.0406533278899428,0.9888013660609616
2024-10-30,1.3051109912286023,1.0406533278899428,0.9888013660609616
2024-10-31,1.2958600571440053,1.0406533278899428,0.9888013660609616
2024-11-01,1.2799556434694064,1.0406533278899428,0.9888013660609616
2024-11-04,1.3038722052388723,1.0406533278899428,0.9888013660609616
2024-11-05,1.3053307758396835,1.0406533278899428,0.9888013660609616
2024-11-06,1.3021339087694124,1.0406533278899428,0.9888013660609616
2024-11-07,1.2955503606465728,1.0406533278899428,0.9888013660609616
2024-11-08,1.2770484924773784,1.0406533278899428,0.9888013660609616
2024-11-11,1.2774880616995405,1.0406533278899428,0.9888013660609616
2024-11-12,1.2757297848108915,1.0406533278899428,0.9888013660609616
2024-11-13,1.276089432356297,1.0406533278899428,0.9888013660609616
2024-11-14,1.2766688645127837,1.0406533278899428,0.9888013660609616
2024-11-18,1.2764290994825134,1.0406533278899428,0.9888013660609616
2024-11-19,1.2807148993985955,1.0406533278899428,0.9888013660609616
2024-11-21,1.2679773821654838,1.0406533278899428,0.9888013660609616
2024-11-22,1.2899958041119763,1.0406533278899428,0.9888013660609616
2024-11-25,1.2890966852484627,1.0406533278899428,0.9888013660609616
2024-11-26,1.2979480109492758,1.0406533278899428,0.9888013660609616
2024-11-27,1.275440068732648,1.0406533278899428,0.9888013660609616
2024-11-28,1.2448800175827746,1.0406533278899428,0.9888013660609616
2024-11-29,1.2554496593338584,1.0406533278899428,0.9888013660609616
2024-12-02,1.2511338887889925,1.0406533278899428,0.9888013660609616
2024-12-03,1.260155048052914,1.0406533278899428,0.9888013660609616
2024-12-04,1.259635557153995,1.0406533278899428,0.9888013660609616
2024-12-05,1.2773282183460268,1.0406533278899428,0.9888013660609616
2024-12-06,1.2582269376011568,1.0406533278899428,0.9888013660609616
2024-12-09,1.2708545625287277,1.0406533278899428,0.9888013660609616
2024-12-10,1.2810245958960278,1.0406533278899428,0.9888013660609616
2024-12-11,1.2946612319926531,1.0406533278899428,0.9888013660609616
2024-12-12,1.259185997722238,1.0406533278899428,0.9888013660609616
2024-12-13,1.2448999980019637,1.0406533278899428,0.9888013660609616
2024-12-16,1.2343902975084473,1.0406533278899428,0.9888013660609616
2024-12-17,1.245759156027099,1.0406533278899428,0.9888013660609616
2024-12-18,1.20653759315871,1.0406533278899428,0.9888013660609616
2024-12-19,1.2106935203500624,1.0406533278899428,0.9888013660609616
2024-12-20,1.2198245719195244,1.0406533278899428,0.9888013660609616
2024-12-23,1.2064876421107371,1.0406533278899428,0.9888013660609616
2024-12-26,1.209594597294657,1.0406533278899428,0.9888013660609616
2024-12-27,1.2015125177326276,1.0406533278899428,0.9888013660609616
2024-12-30,1.201652380666952,1.0406533278899428,0.9888013660609616
