date,equity_ibov,equity_logreg_l2,equity_rf_200
2019-08-05,1.0,1.0,1.0
2019-08-06,1.020639773022438,1.0,1.0
2019-08-07,1.0268137225518992,1.0,1.0
2019-08-08,1.040130671941497,1.0,1.0
2019-08-09,1.03894183699974,1.0,1.0
2019-08-12,1.0181522108333831,1.0,1.0
2019-08-13,1.0319786609123058,1.0,1.0
2019-08-14,1.0015984335351353,1.0,1.0
2019-08-15,0.9896001918120241,1.0,1.0
2019-08-16,0.9970828587983774,1.0,1.0
2019-08-19,0.9937161581649983,1.0,1.0
2019-08-20,0.9912485763951326,1.0,1.0
2019-08-21,1.0110291913924352,1.0,1.0
2019-08-22,0.99913085176527,1.0,1.0
2019-08-23,0.975713800475534,1.0,1.0
2019-08-26,0.9633559112070171,1.0,1.0
2019-08-27,0.9718076285240465,1.0,1.0
2019-08-28,0.9809786409318867,1.0,1.0
2019-08-29,1.0042558292872985,1.0,1.0
2019-08-30,1.0103598473495974,1.0,1.0
2019-09-02,1.0052748306659474,1.0,1.0
2019-09-03,0.9958340825990528,1.0,1.0
2019-09-04,1.0110192011828407,1.0,1.0
2019-09-05,1.0214289995804111,1.0,1.0
2019-09-06,1.0283422246198728,1.0,1.0
2019-09-09,1.0307998161801435,1.0,1.0
2019-09-10,1.0293112749505486,1.0,1.0
2019-09-11,1.033447221722712,1.0,1.0
2019-09-12,1.0426881655977145,1.0,1.0
2019-09-13,1.0339966832504148,1.0,1.0
2019-09-16,1.035784930767848,1.0,1.0
2019-09-17,1.0451457571579856,1.0,1.0
2019-09-18,1.044296589342445,1.0,1.0
2019-09-19,1.0423684788906877,1.0,1.0
2019-09-20,1.0471437990769052,1.0,1.0
2019-09-23,1.0453555515594724,1.0,1.0
2019-09-24,1.0377430118483892,1.0,1.0
2019-09-25,1.0437870886531209,1.0,1.0
2019-09-26,1.0521588842933933,1.0,1.0
2019-09-27,1.0497512437810952,1.0,1.0
2019-09-30,1.0464245039860944,1.0,1.0
2019-10-01,1.0395112789466332,1.0,1.0
2019-10-02,1.00932086555176,1.0,1.0
2019-10-03,1.0141661172051397,1.0,1.0
2019-10-04,1.024505984135548,1.0,1.0
2019-10-07,1.0047453495574346,1.0,1.0
2019-10-08,0.998831145477433,1.0,1.0
2019-10-09,1.0114987312433825,1.0,1.0
2019-10-10,1.017173170293114,1.0,1.0
2019-10-11,1.0373034426262275,1.0,1.0
2019-10-14,1.0419988411356882,1.0,1.0
2019-10-15,1.0438770005394726,1.0,1.0
2019-10-16,1.0531978660912318,1.0,1.0
2019-10-17,1.0491318507862308,1.0,1.0
2019-10-18,1.0462646606325814,1.0,1.0
2019-10-21,1.0591820016383957,1.0,1.0
2019-10-22,1.0727586964774534,1.0,1.0
2019-10-23,1.0743871006413725,1.0,1.0
2019-10-24,1.0688125636875874,1.0,1.0
2019-10-25,1.0725888629143452,1.0,1.0
2019-10-28,1.0808108054106988,1.0,1.0
2019-10-29,1.074506983156508,1.0,1.0
2019-10-30,1.083018641731105,1.0,1.0
2019-10-31,1.0711502727327233,1.0,1.0
2019-11-01,1.0809007172970502,1.0,1.0
2019-11-04,1.0849467521828622,1.0,1.0
2019-11-05,1.0834482207436724,1.0,1.0
2019-11-06,1.0822993466402937,1.0,1.0
2019-11-07,1.0947371575855676,1.0,1.0
2019-11-08,1.0752362684569137,1.0,1.0
2019-11-11,1.0810905312793477,1.0,1.0
2019-11-12,1.0668045315590735,1.0,1.0
2019-11-13,1.0581030590021794,1.0,1.0
2019-11-14,1.0645267637715055,1.0,1.0
2019-11-18,1.06242881975664,1.0,1.0
2019-11-19,1.0551459569621786,1.0,1.0
2019-11-21,1.073917560790427,1.0,1.0
2019-11-22,1.085855861255971,1.0,1.0
2019-11-25,1.0831784850846187,1.0,1.0
2019-11-26,1.0695418489879935,1.0,1.0
2019-11-27,1.0760254950148873,1.0,1.0
2019-11-28,1.0818397969989428,1.0,1.0
2019-11-29,1.0812703550520508,1.0,1.0
2019-12-02,1.0895422485963775,1.0,1.0
2019-12-03,1.0884932765889448,1.0,1.0
2019-12-04,1.1019301084936781,1.0,1.0
2019-12-05,1.105136965773544,1.0,1.0
2019-12-06,1.1101720314092207,1.0,1.0
2019-12-09,1.1086834901796259,1.0,1.0
2019-12-10,1.1056364762532738,1.0,1.0
2019-12-11,1.1085536174548962,1.0,1.0
2019-12-12,1.1209015165138185,1.0,1.0
2019-12-13,1.1245479430158465,1.0,1.0
2019-12-16,1.117864492797061,1.0,1.0
2019-12-17,1.1250574437051708,1.0,1.0
2019-12-18,1.1420308098063916,1.0,1.0
2019-12-19,1.1501828208355829,1.0,1.0
2019-12-20,1.1500829187396369,1.0,1.0
2019-12-23,1.1574956542588282,1.0,1.0
2019-12-26,1.1708825351155885,1.0,1.0
2019-12-27,1.164199084896803,1.0,1.0
2019-12-30,1.1585046654278823,1.0,1.0
2020-01-02,1.1845691222601868,1.0,1.0
2020-01-03,1.1759176007512655,1.0,1.0
2020-01-06,1.1676357169973444,1.0,1.0
2020-01-07,1.1654778317249113,1.0,1.0
2020-01-08,1.1613318947431535,1.0,1.0
2020-01-09,1.1583348318647744,1.0,1.0
2020-01-10,1.153899178804773,1.0,1.0
2020-01-13,1.1721013406861294,1.0,1.0
2020-01-14,1.1751683350316706,1.0,1.0
2020-01-15,1.163000259745451,1.0,1.0
2020-01-16,1.165897420527884,1.0,1.0
2020-01-17,1.1836200523486997,1.0,1.0
2020-01-20,1.1874562928330252,1.0,1.0
2020-01-21,1.1691142680173445,1.0,1.0
2020-01-22,1.18275090411397,1.0,1.0
2020-01-23,1.1941097724230272,1.0,1.0
2020-01-24,1.1826010509700509,1.0,1.0
2020-01-27,1.1436991748086889,1.0,1.0
2020-01-28,1.1636496233690998,1.0,1.0
2020-01-29,1.1527203340726107,1.0,1.0
2020-01-30,1.154148934044638,1.0,1.0
2020-01-31,1.1364962336909845,1.0,1.0
2020-02-03,1.1451677356190948,1.0,1.0
2020-02-04,1.1544386501228812,1.0,1.0
2020-02-05,1.1591440388419363,1.0,1.0
2020-02-06,1.1507722432016638,1.0,1.0
2020-02-07,1.1365861455773356,1.0,1.0
2020-02-10,1.1245978940638188,1.0,1.0
2020-02-11,1.1525804711382857,1.0,1.0
2020-02-12,1.165597714240046,1.0,1.0
2020-02-13,1.1554876221303136,1.0,1.0
2020-02-14,1.1426901636396343,1.0,1.0
2020-02-17,1.1519610781434206,1.0,1.0
2020-02-18,1.1486443285580143,1.0,1.0
2020-02-19,1.1640392415432887,1.0,1.0
2020-02-20,1.1447381566065267,1.0,1.0
2020-02-21,1.135697016923416,1.0,1.0
2020-02-26,1.0561449779216376,1.0,1.0
2020-02-27,1.0288317448900088,1.0,1.0
2020-02-28,1.0407001138883905,1.0,1.0
2020-03-02,1.0652060980239375,1.0,0.9892960140679954
2020-03-03,1.0543367499850158,1.0,0.9888013660609615
2020-03-04,1.0711902335711017,1.0,0.9888013660609615
2020-03-05,1.0213290974844664,1.0,0.9888013660609615
2020-03-06,0.9790105696417521,1.0,0.9888013660609615
2020-03-09,0.8598273691782062,1.0,0.9888013660609615
2020-03-10,0.921237187556196,1.0,0.9888013660609615
2020-03-11,0.8508761413814471,1.0,0.9888013660609615
2020-03-12,0.7251193830046562,1.0,0.9888013660609615
2020-03-13,0.8259705488621161,1.0,0.9888013660609615
2020-03-16,0.7109832364283011,1.0,0.9888013660609615
2020-03-17,0.7454394693200673,1.0,0.9888013660609615
2020-03-18,0.6682950708305869,1.0,0.9888013660609615
2020-03-19,0.6826510020180232,1.0,0.9888013660609615
2020-03-20,0.6700333673000468,1.0,0.9888013660609615
2020-03-23,0.6350776239285508,1.0,0.9888013660609615
2020-03-24,0.6966073248216758,1.0,0.9888013660609615
2020-03-25,0.7488261503726359,1.0,0.9888013660609615
2020-03-26,0.7763391875961567,1.0,0.9888013660609615
2020-03-27,0.7335711003216856,1.0,0.9888013660609615
2020-03-30,0.7456692441407431,1.0,0.9888013660609615
2020-03-31,0.7294851045974955,1.0,0.9888013660609615
2020-04-01,0.7089752042997872,1.0,0.9888013660609615
2020-04-02,0.7218226138384394,1.0,0.9888013660609615
2020-04-03,0.6946991947891076,1.0,0.9888013660609615
2020-04-06,0.7400047953006064,1.0,0.9888013660609615
2020-04-07,0.7628324242242613,1.0,0.9888013660609615
2020-04-08,0.7854802293752134,1.0,0.9888013660609615
2020-04-09,0.7760594617275082,1.0,0.9888013660609615
2020-04-13,0.7875881635996735,1.0,0.9888013660609615
2020-04-14,0.7983975703810278,1.0,0.9888013660609615
2020-04-15,0.7875382125517005,1.0,0.9888013660609615
2020-04-16,0.7773581889748058,1.0,0.9888013660609615
2020-04-17,0.7891266558772414,1.0,0.9888013660609615
2020-04-20,0.7889568223141332,1.0,0.9888013660609615
2020-04-22,0.806080041559273,1.0,0.9888013660609615
2020-04-23,0.7959499690303513,1.0,0.9888013660609615
2020-04-24,0.7525724789706099,1.0,0.9888013660609615
2020-04-27,0.7816240084716988,1.0,0.9888013660609615
2020-04-28,0.8123239225558962,1.0,0.9888013660609615
2020-04-29,0.8308957221922527,1.0,0.9888013660609615
2020-04-30,0.8042718136226509,1.0,0.9888013660609615
2020-05-04,0.7879877719834573,1.0,0.9888013660609615
2020-05-05,0.7939319466922428,1.0,0.9888013660609615
2020-05-06,0.7898659313872417,1.0,0.9888013660609615
2020-05-07,0.7804251833203473,1.0,0.9888013660609615
2020-05-08,0.801844192691164,1.0,0.9888013660609615
2020-05-11,0.7898759215968364,1.0,0.9888013660609615
2020-05-12,0.7779576015504818,1.0,0.9888013660609615
2020-05-13,0.776958580591022,1.0,0.9888013660609615
2020-05-14,0.7893364502787281,1.0,0.9888013660609615
2020-05-15,0.7748106855281836,1.0,0.9888013660609615
2020-05-18,0.811145077823734,1.0,0.9888013660609615
2020-05-19,0.806629503086976,1.0,0.9888013660609615
2020-05-20,0.8123938540230585,1.0,0.9888013660609615
2020-05-21,0.8294571320106308,1.0,0.9888013660609615
2020-05-22,0.8209254930168446,1.0,0.9888013660609615
2020-05-25,0.8557913245019892,1.0,0.9888013660609615
2020-05-26,0.8538532238406372,1.0,0.9888013660609615
2020-05-27,0.8785989730064548,1.0,0.9888013660609615
2020-05-28,0.8686387340406412,1.0,0.9888013660609615
2020-05-29,0.8731742891965885,1.0,0.9888013660609615
2020-06-01,0.8853323742732133,1.0,0.9888013660609615
2020-06-02,0.9095686227497063,1.0,0.9888013660609615
2020-06-03,0.9291094727167386,1.0,0.9888013660609615
2020-06-04,0.9373713760514706,1.0,0.9888013660609615
2020-06-05,0.9454434654039052,1.0,0.9888013660609615
2020-06-08,0.9754940158644538,1.0,0.9888013660609615
2020-06-09,0.9665228076485054,1.0,0.9888013660609615
2020-06-10,0.9459329856740404,1.0,0.9888013660609615
2020-06-12,0.9270414993306568,1.0,0.9888013660609615
2020-06-15,0.9228556015105206,1.0,0.9888013660609615
2020-06-16,0.9343942935922804,1.0,0.9888013660609615
2020-06-17,0.9545345561349886,1.0,0.9888013660609615
2020-06-18,0.9603088972806658,1.0,0.9888013660609615
2020-06-19,0.9647745209694508,1.0,0.9888013660609615
2020-06-22,0.9524266219105285,1.0,0.9888013660609615
2020-06-23,0.9588103658414763,1.0,0.9888013660609615
2020-06-24,0.9428460109093098,1.0,0.9888013660609615
2020-06-25,0.958890287518233,1.0,0.9888013660609615
2020-06-26,0.9374213270994435,1.0,0.9888013660609615
2020-06-29,0.9564127155387729,1.0,0.9888013660609615
2020-06-30,0.9496293632240413,1.0,0.9888013660609615
2020-07-01,0.9610881336290444,1.0,0.9888013660609615
2020-07-02,0.9614078203360716,1.0,0.9888013660609615
2020-07-03,0.9667026314212083,1.0,0.9888013660609615
2020-07-06,0.9884013666606737,1.0,0.9888013660609615
2020-07-07,0.9766528801774272,1.0,0.9888013660609615
2020-07-08,0.9967232112529733,1.0,0.9888013660609615
2020-07-09,0.9906291834002688,1.0,0.9888013660609615
2020-07-10,0.9993406461667577,1.0,0.9888013660609615
2020-07-13,0.9860037163579702,1.0,0.9888013660609615
2020-07-14,1.0034166516813532,1.0,0.9888013660609615
2020-07-15,1.0169134248436542,1.0,0.9888013660609615
2020-07-16,1.0045455453655427,1.0,0.9888013660609615
2020-07-17,1.0278726847689277,1.0,0.9888013660609615
2020-07-20,1.0432376271254182,1.0,0.9888013660609615
2020-07-21,1.042078762812445,1.0,0.9888013660609615
2020-07-22,1.041878958620553,1.0,0.9888013660609615
2020-07-23,1.0219285100601423,1.0,0.9888013660609615
2020-07-24,1.0228176387140613,1.0,0.9888013660609615
2020-07-27,1.0437471278147428,1.0,0.9888013660609615
2020-07-28,1.040070730683931,1.0,0.9888013660609615
2020-07-29,1.0550160842374485,1.0,0.9888013660609615
2020-07-30,1.0490619193190684,1.0,0.9888013660609615
2020-07-31,1.028112449799198,1.0,0.9888013660609615
2020-08-03,1.027293252612441,1.0,0.9888013660609615
2020-08-04,1.0111690543267609,1.0,0.9888013660609615
2020-08-05,1.0270135267437923,1.0,0.9888013660609615
2020-08-06,1.0402405642470394,1.0,0.9888013660609615
2020-08-07,1.0267537812943328,1.0,0.9888013660609615
2020-08-10,1.0334272413035241,1.0,0.9888013660609615
2020-08-11,1.0207396751183855,1.0,0.9888013660609615
2020-08-12,1.020180223381088,1.0,0.9888013660609615
2020-08-13,1.0036264460828404,1.0,0.9888013660609615
2020-08-14,1.0125377130412212,1.0,0.9888013660609615
2020-08-17,0.9949749245739191,1.0,0.9888013660609615
2020-08-18,1.0196507422725745,1.0,0.9888013660609615
2020-08-19,1.007552598453517,1.0,0.9888013660609615
2020-08-20,1.0136865871445997,1.0,0.9888013660609615
2020-08-21,1.0142160682531134,1.0,0.9888013660609615
2020-08-24,1.0219784611081155,1.0,0.9888013660609615
2020-08-25,1.020180223381088,1.0,0.9888013660609615
2020-08-26,1.0052848208755434,1.0,0.9888013660609615
2020-08-27,1.0052548502467595,1.0,0.9888013660609615
2020-08-28,1.0204299786209527,1.0,0.9888013660609615
2020-08-31,0.99271713720554,1.0,0.9888013660609615
2020-09-01,1.0206797338608178,1.0,0.9888013660609615
2020-09-02,1.0181122499950062,1.0,0.9888013660609615
2020-09-03,1.0062239005774354,1.0,0.9888013660609615
2020-09-04,1.0114287997762208,1.0,0.9888013660609615
2020-09-08,0.9995204699394606,1.0,0.9888013660609615
2020-09-09,1.0119283102559506,1.0,0.9888013660609615
2020-09-10,0.9873823652820249,1.0,0.9888013660609615
2020-09-11,0.9826669863533749,1.0,0.9888013660609615
2020-09-14,1.001768267098245,1.0,0.9888013660609615
2020-09-15,1.001998041918921,1.0,0.9888013660609615
2020-09-16,0.9957841315510814,1.0,0.9888013660609615
2020-09-17,1.0000000000000016,1.0,0.9888013660609615
2020-09-18,0.9819377010529695,1.0,0.9888013660609615
2020-09-21,0.9689604187895876,1.0,0.9888013660609615
2020-09-22,0.9719874522967505,1.0,0.9888013660609615
2020-09-23,0.9564127155387734,1.0,0.9888013660609615
2020-09-24,0.9691702131910741,1.0,0.9888013660609615
2020-09-25,0.9690403404663442,1.0,0.9888013660609615
2020-09-28,0.9457331814821487,1.0,0.9888013660609615
2020-09-29,0.9348838138624159,1.0,0.9888013660609615
2020-09-30,0.945103798277689,1.0,0.9888013660609615
2020-10-01,0.9538552218825561,1.0,0.9888013660609615
2020-10-02,0.9392395452456603,1.0,0.9888013660609615
2020-10-05,0.9599492497352604,1.0,0.9888013660609615
2020-10-06,0.9552138903874214,1.0,0.9888013660609615
2020-10-07,0.9543247617335023,1.0,0.9888013660609615
2020-10-08,0.9782413235029682,1.0,0.9888013660609615
2020-10-09,0.9738756019101291,1.0,0.9888013660609615
2020-10-13,0.9840656156966184,1.0,0.9888013660609615
2020-10-14,0.9923674798697287,1.0,0.9888013660609615
2020-10-15,0.9895702211832416,1.0,0.9888013660609615
2020-10-19,0.9930832261694884,1.0,0.9888013660609615
2020-10-21,0.9932017560950308,1.0,0.9888013660609615
2020-10-22,1.006694412619275,1.0,0.9888013660609615
2020-10-23,1.000195021702033,1.0,0.9888013660609615
2020-10-26,0.9977947907097992,1.0,0.9888013660609615
2020-10-27,0.9838576469647708,1.0,0.9888013660609615
2020-10-28,0.9420067057545051,1.0,0.9888013660609615
2020-10-29,0.9539881057280837,1.0,0.9888013660609615
2020-10-30,0.9280102970467056,1.0,0.9888013660609615
2020-11-03,0.9441599994018589,1.0,0.9888013660609615
2020-11-04,0.9661275456023855,1.0,0.9888013660609615
2020-11-05,0.9953945597175655,1.0,0.9888013660609615
2020-11-06,0.9956414970624456,1.0,0.9888013660609615
2020-11-09,1.026400012740701,1.0,0.9888013660609615
2020-11-10,1.0406038488182,1.0,0.9888013660609615
2020-11-11,1.0325141813999303,1.0,0.9888013660609615
2020-11-13,1.0561303853826232,1.0,0.9888013660609615
2020-11-16,1.075512447530165,1.0,0.9888013660609615
2020-11-17,1.0835866225332336,1.0,0.9888013660609615
2020-11-18,1.0760480311035852,1.0,0.9888013660609615
2020-11-19,1.076391613018609,1.0,0.9888013660609615
2020-11-23,1.0851024250995167,1.0,0.9888013660609615
2020-11-24,1.109426003613142,1.0,0.9888013660609615
2020-11-25,1.112932560216477,1.0,0.9888013660609615
2020-11-26,1.1138824631580144,1.0,0.9888013660609615
2020-11-27,1.1173991251117916,1.0,0.9888013660609615
2020-11-30,1.100351398916326,1.0,0.9888013660609615
2020-12-01,1.1250791914476266,1.0,0.9888013660609615
2020-12-02,1.129919654309291,1.0,0.9888013660609615
2020-12-03,1.1410860665475775,1.0,0.9888013660609615
2020-12-04,1.1487964489347382,1.0,0.9888013660609615
2020-12-07,1.1482204439595505,1.0,0.9888013660609615
2020-12-08,1.1476747550356885,1.0,0.9888013660609615
2020-12-09,1.1390953125105254,1.0,0.9888013660609615
2020-12-10,1.1620344580136117,1.0,0.9888013660609615
2020-12-11,1.1653793290098766,1.0,0.9888013660609615
2020-12-14,1.1618626670560996,1.0,0.9888013660609615
2020-12-15,1.1736960324235506,1.0,0.9888013660609615
2020-12-16,1.1918957685693914,1.0,0.9888013660609615
2020-12-17,1.1940178921621878,1.0,0.9888013660609615
2020-12-18,1.1891875346509653,1.0,0.9888013660609615
2020-12-21,1.1723823368661053,1.0,0.9888013660609615
2020-12-22,1.175737313212812,1.0,0.9888013660609615
2020-12-23,1.1909862870296213,1.0,0.9888013660609615
2020-12-28,1.203052075457236,1.0,0.9888013660609615
2020-12-29,1.2073367440445966,1.0,0.9888013660609615
2020-12-30,1.2056289398199176,1.0,0.9888013660609615
2021-01-04,1.1980701376893852,1.0,0.9888013660609615
2021-01-05,1.2047901957332408,1.0,0.9888013660609615
2021-01-06,1.2111363558107464,1.0,0.9888013660609615
2021-01-07,1.2324081184909212,1.0,0.9888013660609615
2021-01-08,1.2639469172200544,1.0,0.9888013660609615
2021-01-11,1.241007771716968,1.0,0.9888013660609615
2021-01-12,1.253043244093257,1.0,0.9888013660609615
2021-01-13,1.2332569679280398,1.0,0.9888013660609615
2021-01-14,1.247818777914801,1.0,0.9888013660609615
2021-01-15,1.2177149389484156,1.0,0.9888013660609615
2021-01-18,1.2251928982754132,1.0,0.9888013660609615
2021-01-19,1.2194429538739786,1.0,0.9888013660609615
2021-01-20,1.2096912906975565,1.0,0.9888013660609615
2021-01-21,1.196908022388568,1.0,0.9888013660609615
2021-01-22,1.184064121976928,1.0,0.9888013660609615
2021-01-26,1.1769095338640712,1.0,0.9888013660609615
2021-01-27,1.171028219906892,1.0,0.9888013660609615
2021-01-28,1.2057097826234524,1.0,0.9888013660609615
2021-01-29,1.172291388712128,1.0,0.9888013660609615
2021-02-01,1.186014454612212,1.0,0.9888013660609615
2021-02-02,1.194796004146213,1.0,0.9888013660609615
2021-02-03,1.2098630816550682,1.0,0.9888013660609615
2021-02-04,1.205174199050032,1.0,0.9888013660609615
2021-02-05,1.2118841517434458,1.0,0.9888013660609615
2021-02-08,1.2077510634127135,1.0,0.9888013660609615
2021-02-09,1.2068718979242694,1.0,0.9888013660609615
2021-02-10,1.1967766528328232,1.0,0.9888013660609615
2021-02-11,1.2049114599385433,1.0,0.9888013660609615
2021-02-12,1.2037089232359586,1.0,0.9888013660609615
2021-02-17,1.2165932450493662,1.0,0.9888013660609615
2021-02-18,1.2039514516465641,1.0,0.9888013660609615
2021-02-19,1.1999901542733438,1.0,0.9888013660609615
2021-02-22,1.1385496235866632,1.0,0.9888013660609615
2021-02-23,1.1644092153674552,1.0,0.9888013660609615
2021-02-24,1.168865674912328,1.0,0.9888013660609615
2021-02-25,1.1343862192046055,1.0,0.9888013660609615
2021-02-26,1.1119422358731716,1.0,0.9888013660609615
2021-03-01,1.1149738410057382,1.0,0.9888013660609615
2021-03-02,1.1271507882882137,1.0,0.9888013660609615
2021-03-03,1.1235532835309014,1.0,0.9888013660609615
2021-03-04,1.1387719412963853,1.0,0.9888013660609615
2021-03-05,1.1641565816064083,1.0,0.9888013660609615
2021-03-08,1.1177730230781413,1.0,0.9888013660609615
2021-03-09,1.125038770045859,1.0,0.9888013660609615
2021-03-10,1.1396410014343874,1.0,0.9888013660609615
2021-03-11,1.1619536152100767,1.0,0.9888013660609615
2021-03-12,1.153626806445961,1.0,0.9888013660609615
2021-03-15,1.1606096036013056,1.0,0.9888013660609615
2021-03-16,1.1522019520336546,1.0,0.9888013660609615
2021-03-17,1.177768488651632,1.0,0.9888013660609615
2021-03-18,1.1604479179942355,1.0,0.9888013660609615
2021-03-19,1.1744640390571346,1.0,0.9888013660609615
2021-03-22,1.1619030884578674,1.0,0.9888013660609615
2021-03-23,1.1445522017491454,1.0,0.9888013660609615
2021-03-24,1.1324459919197631,1.0,0.9888013660609615
2021-03-25,1.1494836127647867,1.0,0.9888013660609615
2021-03-26,1.1599022290703735,1.0,0.9888013660609615
2021-03-29,1.166349442652298,1.0,0.9888013660609615
2021-03-30,1.18081019913464,1.0,0.9888013660609615
2021-03-31,1.1786274434391923,1.0,0.9888013660609615
2021-04-01,1.1646719544789446,1.0,0.9888013660609615
2021-04-05,1.1875605732298213,1.0,0.9888013660609615
2021-04-06,1.1873685715714255,1.0,0.9888013660609615
2021-04-07,1.1886317403766613,1.0,0.9888013660609615
2021-04-08,1.1955943268311222,1.0,0.9888013660609615
2021-04-09,1.1890965864969882,1.0,0.9888013660609615
2021-04-12,1.2006368967016243,1.0,0.9888013660609615
2021-04-13,1.2055379916659403,1.0,0.9888013660609615
2021-04-14,1.2156231314069448,1.0,0.9888013660609615
2021-04-15,1.2197259036863517,1.0,0.9888013660609615
2021-04-16,1.2238994134188517,1.0,0.9888013660609615
2021-04-19,1.222080450339312,1.0,0.9888013660609615
2021-04-20,1.2132685847539855,1.0,0.9888013660609615
2021-04-22,1.2062857875986404,1.0,0.9888013660609615
2021-04-23,1.217997888760789,1.0,0.9888013660609615
2021-04-26,1.2186547365395117,1.0,0.9888013660609615
2021-04-27,1.2064575785561527,1.0,0.9888013660609615
2021-04-28,1.2232829870418966,1.0,0.9888013660609615
2021-04-29,1.2133090061557528,1.0,0.9888013660609615
2021-04-30,1.2014655354378598,1.0,0.9888013660609615
2021-05-03,1.2046487208270547,1.0,0.9888013660609615
2021-05-04,1.1895210112155479,1.0,0.9888013660609615
2021-05-05,1.2082361202339251,1.0,0.9888013660609615
2021-05-06,1.2118437303416791,1.0,0.9888013660609615
2021-05-07,1.2332367572271563,1.0,0.9888013660609615
2021-05-10,1.2319331670201528,1.0,0.9888013660609615
2021-05-11,1.2425943117363447,1.0,0.9888013660609615
2021-05-12,1.2097115013984403,1.0,0.9888013660609615
2021-05-13,1.2197764304385612,1.0,0.9888013660609615
2021-05-14,1.23165021720778,1.0,0.9888013660609615
2021-05-17,1.2423315726248556,1.0,0.9888013660609615
2021-05-18,1.2427559973434148,1.0,0.9888013660609615
2021-05-19,1.2392797567914053,1.0,0.9888013660609615
2021-05-20,1.239936604570128,1.0,0.9888013660609615
2021-05-21,1.2388351213719622,1.0,0.9888013660609615
2021-05-24,1.2533868260082814,1.0,0.9888013660609615
2021-05-25,1.24283684014695,1.0,0.9888013660609615
2021-05-26,1.25295229593928,1.0,0.9888013660609615
2021-05-27,1.2567721184063139,1.0,0.9888013660609615
2021-05-28,1.2688379068339284,1.0,0.9888013660609615
2021-05-31,1.2754569113733651,1.0,0.9888013660609615
2021-06-01,1.296182985129678,1.0,0.9888013660609615
2021-06-02,1.3096635226191566,1.0,0.9888013660609615
2021-06-04,1.3149688316011479,1.0,0.9888013660609615
2021-06-07,1.3215373093883753,1.0,0.9888013660609615
2021-06-08,1.311543117801348,1.0,0.9888013660609615
2021-06-09,1.3127557598543746,1.0,0.9888013660609615
2021-06-10,1.3144635640790538,1.0,0.9888013660609615
2021-06-11,1.3080466665484547,1.0,0.9888013660609615
2021-06-14,1.315797470337383,1.0,0.9888013660609615
2021-06-15,1.314615144335682,1.0,0.9888013660609615
2021-06-16,1.306207492768031,1.0,0.9888013660609615
2021-06-17,1.2940608615368814,1.0,0.9888013660609615
2021-06-18,1.2975775234906584,1.0,0.9888013660609615
2021-06-21,1.3062681248706822,1.0,0.9888013660609615
2021-06-22,1.3012356603506219,1.0,0.9888013660609615
2021-06-23,1.2978099465508217,1.0,0.9888013660609615
2021-06-24,1.3087843571307125,1.0,0.9888013660609615
2021-06-25,1.2859664758329288,1.0,0.9888013660609615
2021-06-28,1.2877147014593755,1.0,0.9888013660609615
2021-06-29,1.286683955714303,1.0,0.9888013660609615
2021-06-30,1.2813786467323118,1.0,0.9888013660609615
2021-07-01,1.2698989686303266,1.0,0.9888013660609615
2021-07-02,1.2896650340946603,1.0,0.9888013660609615
2021-07-05,1.2825710780844546,1.0,0.9888013660609615
2021-07-06,1.2641288135280084,1.0,0.9888013660609615
2021-07-07,1.2835715077782015,1.0,0.9888013660609615
2021-07-08,1.2674938952251573,1.0167688713843799,0.9888013660609615
2021-07-12,1.2893820842822874,1.0162604869486878,0.9888013660609615
2021-07-13,1.2951825554359313,1.0162604869486878,0.9888013660609615
2021-07-14,1.2975977341915428,1.0162604869486878,0.9888013660609615
2021-07-15,1.2881088101266096,1.0162604869486878,0.9888013660609615
2021-07-16,1.2728699416602423,1.0162604869486878,0.9888013660609615
2021-07-19,1.2570550682186872,1.0162604869486878,0.9888013660609615
2021-07-20,1.2672210507632267,1.0162604869486878,0.9888013660609615
2021-07-21,1.2725566757965436,1.0162604869486878,0.9888013660609615
2021-07-22,1.2747596421928753,1.0162604869486878,0.9888013660609615
2021-07-23,1.2637043888094495,1.0162604869486878,0.9888013660609615
2021-07-26,1.2733145770796852,1.0162604869486878,0.9888013660609615
2021-07-27,1.2592479292645768,1.0162604869486878,0.9888013660609615
2021-07-28,1.2761642859042976,1.0162604869486878,0.9888013660609615
2021-07-29,1.2699899167843038,1.0162604869486878,0.9888013660609615
2021-07-30,1.2308417891724288,1.0162604869486878,0.9888013660609615
2021-08-02,1.2380671147383786,1.0162604869486878,0.9888013660609615
2021-08-03,1.248788891557222,1.0162604869486878,0.9888013660609615
2021-08-04,1.2308417891724286,1.0162604869486878,0.9888013660609615
2021-08-05,1.2291440902981914,1.0162604869486878,0.9888013660609615
2021-08-06,1.2410380877682938,1.0162604869486878,0.9888013660609615
2021-08-09,1.2431501060106485,1.0162604869486878,0.9888013660609615
2021-08-10,1.2348940346996258,1.0162604869486878,0.9888013660609615
2021-08-11,1.23341865353511,1.0162604869486878,0.9888013660609615
2021-08-12,1.2197259036863515,1.0162604869486878,0.9888013660609615
2021-08-13,1.2247078414542023,1.0162604869486878,0.9888013660609615
2021-08-16,1.2043556656642393,1.0162604869486878,0.9888013660609615
2021-08-17,1.19146123850039,1.0162604869486878,0.9888013660609615
2021-08-18,1.178718391593169,1.0162604869486878,0.9888013660609615
2021-08-19,1.1839933845238348,1.0162604869486878,0.9888013660609615
2021-08-20,1.1929669357162318,1.0162604869486878,0.9888013660609615
2021-08-23,1.1870957271094946,1.0162604869486878,0.9888013660609615
2021-08-24,1.2147742819698264,1.0162604869486878,0.9888013660609615
2021-08-25,1.2209082296880522,1.0162604869486878,0.9888013660609615
2021-08-26,1.1997476258627382,1.0162604869486878,0.9888013660609615
2021-08-27,1.2194934806261877,1.0162604869486878,0.9888013660609615
2021-08-30,1.2100146619116967,1.0162604869486878,0.9888013660609615
2021-08-31,1.2003236308379257,1.0162604869486878,0.9888013660609615
2021-09-01,1.2065384213596873,1.0162604869486878,0.9888013660609615
2021-09-02,1.179061973508193,1.0162604869486878,0.9888013660609615
2021-09-03,1.1816489432213164,1.0162604869486878,0.9888013660609615
2021-09-06,1.1911075512349238,1.0162604869486878,0.9888013660609615
2021-09-08,1.1460781096658696,1.0162604869486878,0.9888013660609615
2021-09-09,1.1657633323266678,1.0162604869486878,0.9888013660609615
2021-09-10,1.154900080601638,1.0162604869486878,0.9888013660609615
2021-09-13,1.1763032128375575,1.0162604869486878,0.9888013660609615
2021-09-14,1.1740497196890163,1.0162604869486878,0.9888013660609615
2021-09-15,1.162751937894985,1.0162604869486878,0.9888013660609615
2021-09-16,1.1499282481842288,1.0162604869486878,0.9888013660609615
2021-09-17,1.126130147893582,1.0162604869486878,0.9888013660609615
2021-09-20,1.0999067634968818,1.0162604869486878,0.9888013660609615
2021-09-21,1.1141148862181767,1.0162604869486878,0.9888013660609615
2021-09-22,1.1346489583160937,1.0162604869486878,0.9888013660609615
2021-09-23,1.1526566928035387,1.0162604869486878,0.9888013660609615
2021-09-24,1.1447644141084239,1.0162604869486878,0.9888013660609615
2021-09-27,1.1477960192409904,1.0162604869486878,0.9888013660609615
2021-09-28,1.112841612062499,1.0162604869486878,0.9888013660609615
2021-09-29,1.122775171546875,1.0162604869486878,0.9888013660609615
2021-09-30,1.1214816866903132,1.0162604869486878,0.9888013660609615
2021-10-01,1.1408940648891805,1.0162604869486878,0.9888013660609615
2021-10-04,1.1155599513313668,1.0162604869486878,0.9888013660609615
2021-10-05,1.1162167991100895,1.0162604869486878,0.9888013660609615
2021-10-06,1.117247544855162,1.0162604869486878,0.9888013660609615
2021-10-07,1.1175001786162093,1.0162604869486878,0.9888013660609615
2021-10-08,1.1402170064095738,1.0162604869486878,0.9888013660609615
2021-10-11,1.1336182125710208,1.0162604869486878,0.9888013660609615
2021-10-13,1.1465126397348704,1.0162604869486878,0.9888013660609615
2021-10-14,1.1437740897651185,1.0162604869486878,0.9888013660609615
2021-10-15,1.158558217461601,1.0162604869486878,0.9888013660609615
2021-10-18,1.1563350403643855,1.0162604869486878,0.9888013660609615
2021-10-19,1.1183894494550952,1.0162604869486878,0.9888013660609615
2021-10-20,1.1195313540550285,1.0162604869486878,0.9888013660609615
2021-10-21,1.0886999298568276,1.0162604869486878,0.9888013660609615
2021-10-22,1.0741583305709503,1.0162604869486878,0.9888013660609615
2021-10-25,1.0986031732898778,1.0162604869486878,0.9888013660609615
2021-10-26,1.0754113940257444,1.0162604869486878,0.9888013660609615
2021-10-27,1.0748353890505569,1.0162604869486878,0.9888013660609615
2021-10-28,1.0681860684597944,1.0162604869486878,0.9888013660609615
2021-10-29,1.0459138760858726,1.0162604869486878,0.9888013660609615
2021-11-01,1.0666298444917435,1.0162604869486878,0.9888013660609615
2021-11-03,1.0672967976209082,1.0162604869486878,0.9888013660609615
2021-11-04,1.0450144998965447,1.0162604869486878,0.9888013660609615
2021-11-05,1.059283254720491,1.0162604869486878,0.9888013660609615
2021-11-08,1.0588487246514897,1.0162604869486878,0.9888013660609615
2021-11-09,1.0664681588846736,1.0162604869486878,0.9888013660609615
2021-11-10,1.070843775626011,1.0162604869486878,0.9888013660609615
2021-11-11,1.0885988763524088,1.0162604869486878,0.9888013660609615
2021-11-12,1.0743200161780204,1.0162604869486878,0.9888013660609615
2021-11-16,1.056089963980854,1.0162604869486878,0.9888013660609615
2021-11-17,1.0402953012401828,1.0162604869486878,0.9888013660609615
2021-11-18,1.036040948704148,1.0162604869486878,0.9888013660609615
2021-11-19,1.041204782779953,1.0162604869486878,0.9888013660609615
2021-11-22,1.031978597826509,1.0162604869486878,0.9888013660609615
2021-11-23,1.047550942857459,1.0162604869486878,0.9888013660609615
2021-11-24,1.0561505960835058,1.0162604869486878,0.9888013660609615
2021-11-25,1.0692572356066348,1.0162604869486878,0.9888013660609615
2021-11-26,1.0330093435715817,1.0162604869486878,0.9888013660609615
2021-11-29,1.038971500332296,1.0162604869486878,0.9888013660609615
2021-11-30,1.0298867902850384,1.0162604869486878,0.9888013660609615
2021-12-01,1.0183666907812858,1.0162604869486878,0.9888013660609615
2021-12-02,1.0556655392622953,1.0162604869486878,0.9888013660609615
2021-12-03,1.0617691709291956,1.0162604869486878,0.9888013660609615
2021-12-06,1.079847642869734,1.0162604869486878,0.9888013660609615
2021-12-07,1.0869112828286138,1.0162604869486878,0.9888013660609615
2021-12-08,1.0923479613663498,1.0162604869486878,0.9888013660609615
2021-12-09,1.0741078038187417,1.0162604869486878,0.9888013660609615
2021-12-10,1.0889323529169916,1.0162604869486878,0.9888013660609615
2021-12-13,1.0851428465012836,1.0162604869486878,0.9888013660609615
2021-12-14,1.078847213175987,1.0162604869486878,0.9888013660609615
2021-12-15,1.085011476945539,1.0162604869486878,0.9888013660609615
2021-12-16,1.093520182017609,1.0162604869486878,0.9888013660609615
2021-12-17,1.0833036727208598,1.0162604869486878,0.9888013660609615
2021-12-20,1.0612639034071016,1.0162604869486878,0.9888013660609615
2021-12-21,1.066114471619208,1.0162604869486878,0.9888013660609615
2021-12-22,1.0635275019060846,1.0162604869486878,0.9888013660609615
2021-12-23,1.0599603132000983,1.0162604869486878,0.9888013660609615
2021-12-27,1.0664277374829065,1.0162604869486878,0.9888013660609615
2021-12-28,1.0596874687381672,1.0162604869486878,0.9888013660609615
2021-12-29,1.0520377184536578,1.0162604869486878,0.9888013660609615
2021-12-30,1.059263044019608,1.0162604869486878,0.9888013660609615
2022-01-03,1.0501682286219087,1.0162604869486878,0.9888013660609615
2022-01-04,1.0460452456416183,1.0162604869486878,0.9888013660609615
2022-01-05,1.0207010267333625,1.0162604869486878,0.9888013660609615
2022-01-06,1.0263094962286106,1.0162604869486878,0.9888013660609615
2022-01-07,1.0380114920403174,1.0162604869486878,0.9888013660609615
2022-01-10,1.030189950798296,1.0162604869486878,0.9888013660609615
2022-01-11,1.0487231635087186,1.0162604869486878,0.9888013660609615
2022-01-12,1.0679940668013994,1.0162604869486878,0.9888013660609615
2022-01-13,1.066417632132465,1.0162604869486878,0.9888013660609615
2022-01-14,1.0805449120502248,1.0162604869486878,0.9888013660609615
2022-01-17,1.0781600493459391,1.0162604869486878,0.9888013660609615
2022-01-18,1.076442139770818,1.0162604869486878,0.9888013660609615
2022-01-19,1.0915092172796732,1.0162604869486878,0.9888013660609615
2022-01-20,1.1025139439108897,1.0162604869486878,0.9888013660609615
2022-01-21,1.1008970878401876,1.0162604869486878,0.9888013660609615
2022-01-24,1.0888717208143406,1.0162604869486878,0.9888013660609615
2022-01-25,1.1100222192892126,1.0162604869486878,0.9888013660609615
2022-01-26,1.1274842648527954,1.0162604869486878,0.9888013660609615
2022-01-27,1.1349824348806763,1.0162604869486878,0.9888013660609615
2022-01-28,1.126524256560816,1.0162604869486878,0.9888013660609615
2022-01-31,1.135720125462934,1.0162604869486878,0.9888013660609615
2022-02-01,1.1433900864483273,1.0162604869486878,0.9888013660609615
2022-02-02,1.1334262109126254,1.0162604869486878,0.9888013660609615
2022-02-03,1.1287272229571472,1.0162604869486878,0.9888013660609615
2022-02-04,1.1342750603497438,1.0162604869486878,0.9888013660609615
2022-02-07,1.1317588280897137,1.0162604869486878,0.9888013660609615
2022-02-08,1.1341639014948832,1.0162604869486878,0.9888013660609615
2022-02-09,1.1364578160451917,1.0162604869486878,0.9888013660609615
2022-02-10,1.1455324207420072,1.0162604869486878,0.9888013660609615
2022-02-11,1.1476848603861294,1.0162604869486878,0.9888013660609615
2022-02-14,1.1500596177399731,1.0162604869486878,0.9888013660609615
2022-02-15,1.1586794816669037,1.0162604869486878,0.9888013660609615
2022-02-16,1.1639443692471276,1.0162604869486878,0.9888013660609615
2022-02-17,1.1472402249666864,1.0162604869486878,0.9888013660609615
2022-02-18,1.1395601586308512,1.0162604869486878,0.9888013660609615
2022-02-21,1.1290202781199619,1.0162604869486878,0.9888013660609615
2022-02-22,1.1408132220856453,1.0162604869486878,0.9888013660609615
2022-02-23,1.131880092295016,1.0162604869486878,0.9888013660609615
2022-02-24,1.1276762665111906,1.0162604869486878,0.9888013660609615
2022-02-25,1.1433395596961171,1.0162604869486878,0.9888013660609615
2022-03-02,1.1638736317940341,1.0162604869486878,0.9888013660609615
2022-03-03,1.163792788990499,1.0162604869486878,0.9888013660609615
2022-03-04,1.1567998864847124,1.0162604869486878,0.9888013660609615
2022-03-07,1.1276863718616326,1.0162604869486878,0.9888013660609615
2022-03-08,1.1237452851892962,1.0162604869486878,0.9888013660609615
2022-03-09,1.1509994153310688,1.0162604869486878,0.9888013660609615
2022-03-10,1.1486044472763413,1.0162604869486878,0.9888013660609615
2022-03-11,1.128899013914659,1.0162604869486878,0.9888013660609615
2022-03-14,1.1108609633758888,1.0162604869486878,0.9888013660609615
2022-03-15,1.101068878797699,1.0162604869486878,0.9888013660609615
2022-03-16,1.1228256982990843,1.0162604869486878,0.9888013660609615
2022-03-17,1.1426726065669526,1.0162604869486878,0.9888013660609615
2022-03-18,1.165258064804573,1.0162604869486878,0.9888013660609615
2022-03-21,1.1737869805775267,1.0162604869486878,0.9888013660609615
2022-03-22,1.185074657021116,1.0162604869486878,0.9888013660609615
2022-03-23,1.1869441468528654,1.0162604869486878,0.9888013660609615
2022-03-24,1.203072286158119,1.0162604869486878,0.9888013660609615
2022-03-25,1.2033552359704918,1.0162604869486878,0.9888013660609615
2022-03-28,1.1998891007689243,1.0162604869486878,0.9888013660609615
2022-03-29,1.2127835279327737,1.0162604869486878,0.9888013660609615
2022-03-30,1.2152694441414782,1.0162604869486878,0.9888013660609615
2022-03-31,1.2126319476761456,1.0162604869486878,0.9888013660609615
2022-04-01,1.2285074532203522,1.0162604869486878,0.9888013660609615
2022-04-04,1.2255769015922044,1.0162604869486878,0.9888013660609615
2022-04-05,1.2013745872838821,1.0162604869486878,0.9888013660609615
2022-04-06,1.1947353720435616,1.0162604869486878,0.9888013660609615
2022-04-07,1.2011421642237188,1.0162604869486878,0.9888013660609615
2022-04-08,1.1956852749850992,1.0162604869486878,0.9888013660609615
2022-04-11,1.1818510502301542,1.0162604869486878,0.9888013660609615
2022-04-12,1.1737061377739924,1.0162604869486878,0.9888013660609615
2022-04-13,1.1801230353045915,1.0162604869486878,0.9888013660609615
2022-04-14,1.1740598250394585,1.0162604869486878,0.9888013660609615
2022-04-18,1.169057676570724,1.0162604869486878,0.9888013660609615
2022-04-19,1.1626913057923343,1.0162604869486878,0.9888013660609615
2022-04-20,1.155486190927268,1.0162604869486878,0.9888013660609615
2022-04-22,1.1224821163840608,1.0162604869486878,0.9888013660609615
2022-04-25,1.1185107136603987,1.0162604869486878,0.9888013660609615
2022-04-26,1.093530287368051,1.0162604869486878,0.9888013660609615
2022-04-27,1.105009965470036,1.0162604869486878,0.9888013660609615
2022-04-28,1.1107700152219124,1.0162604869486878,0.9888013660609615
2022-04-29,1.0901247842691346,1.0162604869486878,0.9888013660609615
2022-05-02,1.077624465772519,1.0162604869486878,0.9888013660609615
2022-05-03,1.0765027718734694,1.0162604869486878,0.9888013660609615
2022-05-04,1.0948540882759386,1.0162604869486878,0.9888013660609615
2022-05-05,1.0641338229325983,1.0162604869486878,0.9888013660609615
2022-05-06,1.062426018707919,1.0162604869486878,0.9888013660609615
2022-05-09,1.04337743312496,1.0162604869486878,0.9888013660609615
2022-05-10,1.0419626840630956,1.0162604869486878,0.9888013660609615
2022-05-11,1.0549682700818055,1.0162604869486878,0.9888013660609615
2022-05-12,1.0680142775022834,1.0162604869486878,0.9888013660609615
2022-05-13,1.080504490648457,1.0162604869486878,0.9888013660609615
2022-05-16,1.0937323943768889,1.0162604869486878,0.9888013660609615
2022-05-17,1.0993509692225787,1.0162604869486878,0.9888013660609615
2022-05-18,1.0736631683992988,1.0162604869486878,0.9888013660609615
2022-05-19,1.0813230240342502,1.0162604869486878,0.9888013660609615
2022-05-20,1.0963092587395704,1.0162604869486878,0.9888013660609615
2022-05-23,1.1150849998605987,1.0162604869486878,0.9888013660609615
2022-05-24,1.1174597572144425,1.0162604869486878,0.9888013660609615
2022-05-25,1.1174496518640007,1.0162604869486878,0.9888013660609615
2022-05-26,1.1306876609428742,1.0162604869486878,0.9888013660609615
2022-05-27,1.1312131391658524,1.0162604869486878,0.9888013660609615
2022-05-30,1.122017270263734,1.0162604869486878,0.9888013660609615
2022-05-31,1.1252408770546964,1.0162604869486878,0.9888013660609615
2022-06-01,1.1253318252086735,1.0162604869486878,0.9888013660609615
2022-06-02,1.135770652215144,1.0162604869486878,0.9888013660609615
2022-06-03,1.1227246447946664,1.0162604869486878,0.9888013660609615
2022-06-06,1.1134681437898968,1.0162604869486878,0.9888013660609615
2022-06-07,1.1122959231386378,1.0162604869486878,0.9888013660609615
2022-06-08,1.095096616686544,1.0162604869486878,0.9888013660609615
2022-06-09,1.0822224002235785,1.0162604869486878,0.9888013660609615
2022-06-10,1.0659224699608127,1.0162604869486878,0.9888013660609615
2022-06-13,1.0367887446368487,1.0162604869486878,0.9888013660609615
2022-06-14,1.0313823821504384,1.0162604869486878,0.9888013660609615
2022-06-15,1.0389007628792033,1.0162604869486878,0.9888013660609615
2022-06-17,1.0087666078614925,1.0162604869486878,0.9888013660609615
2022-06-20,1.0090495576738654,1.0162604869486878,0.9888013660609615
2022-06-21,1.0073518587996282,1.0162604869486878,0.9888013660609615
2022-06-22,1.0057046866776005,1.0162604869486878,0.9888013660609615
2022-06-23,0.9911327713403977,1.0162604869486878,0.9888013660609615
2022-06-24,0.9971151388019954,1.0162604869486878,0.9888013660609615
2022-06-27,1.0182555319264255,1.0162604869486878,0.9888013660609615
2022-06-28,1.016507306299979,1.0162604869486878,0.9888013660609615
2022-06-29,1.0067152217217892,1.0162604869486878,0.9888013660609615
2022-06-30,0.9958014432445499,1.0162604869486878,0.9888013660609615
2022-07-01,0.9999648476266076,1.0162604869486878,0.9888013660609615
2022-07-04,0.9964785017241562,1.0162604869486878,0.9888013660609615
2022-07-05,0.9933054216854033,1.0162604869486878,0.9888013660609615
2022-07-06,0.9975900902727639,1.0162604869486878,0.9888013660609615
2022-07-07,1.0179119500114013,1.0162604869486878,0.9888013660609615
2022-07-08,1.0134554904665285,1.0162604869486878,0.9888013660609615
2022-07-11,0.9924666775987266,1.0162604869486878,0.9888013660609615
2022-07-12,0.993062893274798,1.0162604869486878,0.9888013660609615
2022-07-13,0.9891218066024617,1.0162604869486878,0.9888013660609615
2022-07-14,0.9713363898247384,1.0162604869486878,0.9888013660609615
2022-07-15,0.9756816905147504,1.0162604869486878,0.9888013660609615
2022-07-18,0.9793701434260396,1.0162604869486878,0.9888013660609615
2022-07-19,0.9928001541633091,1.0162604869486878,0.9888013660609615
2022-07-20,0.9932245788818684,1.0162604869486878,0.9888013660609615
2022-07-21,1.000763170311517,1.0162604869486878,0.9888013660609615
2022-07-22,0.9996717924637931,1.0162604869486878,0.9888013660609615
2022-07-25,1.0132634888081327,1.0162604869486878,0.9888013660609615
2022-07-26,1.0082310242880723,1.0162604869486878,0.9888013660609615
2022-07-27,1.0250665381242583,1.0162604869486878,0.9888013660609615
2022-07-28,1.0367786392864067,1.0162604869486878,0.9888013660609615
2022-07-29,1.042518478337399,1.0162604869486878,0.9888013660609615
2022-08-01,1.0330194489220244,1.0162604869486878,0.9888013660609615
2022-08-02,1.0445092323744511,1.0162604869486878,0.9888013660609615
2022-08-03,1.0486827421069511,1.0162604869486878,0.9888013660609615
2022-08-04,1.0700757689924285,1.0162604869486878,0.9888013660609615
2022-08-05,1.0759368722487237,1.0162604869486878,0.9888013660609615
2022-08-08,1.095440198601568,1.0162604869486878,0.9888013660609615
2022-08-09,1.097956430861598,1.0162604869486878,0.9888013660609615
2022-08-10,1.113973411311991,1.0162604869486878,0.9888013660609615
2022-08-11,1.1087388397830928,1.0162604869486878,0.9888013660609615
2022-08-12,1.1395197372290844,1.0162604869486878,0.9888013660609615
2022-08-15,1.1422279711475103,1.0162604869486878,0.9888013660609615
2022-08-16,1.1470785393596168,1.0162604869486878,0.9888013660609615
2022-08-17,1.1490591880462269,1.0162604869486878,0.9888013660609615
2022-08-18,1.1501202498426253,1.0162604869486878,0.9888013660609615
2022-08-19,1.1267061528687703,1.0162604869486878,0.9888013660609615
2022-08-22,1.1166513291790914,1.0162604869486878,0.9888013660609615
2022-08-23,1.14045953482018,1.0162604869486878,0.9888013660609615
2022-08-24,1.1408738541882972,1.0162604869486878,0.9888013660609615
2022-08-25,1.1472806463684544,1.0162604869486878,0.9888013660609615
2022-08-26,1.1348207492736064,1.0162604869486878,0.9888013660609615
2022-08-29,1.1350632776842116,1.0162604869486878,0.9888013660609615
2022-08-30,1.115943954648159,1.0162604869486878,0.9888013660609615
2022-08-31,1.1067682964469245,1.0162604869486878,0.9888013660609615
2022-09-01,1.11568121553667,1.0162604869486878,0.9888013660609615
2022-09-02,1.120319571389497,1.0162604869486878,0.9888013660609615
2022-09-05,1.1338506356311853,1.0162604869486878,0.9888013660609615
2022-09-06,1.1092036859034198,1.0162604869486878,0.9888013660609615
2022-09-08,1.110739699170587,1.0162604869486878,0.9888013660609615
2022-09-09,1.1348308546240484,1.0162604869486878,0.9888013660609615
2022-09-12,1.1460174775632188,1.0162604869486878,0.9888013660609615
2022-09-13,1.1196121968585646,1.0162604869486878,0.9888013660609615
2022-09-14,1.117116175299418,1.0162604869486878,0.9888013660609615
2022-09-15,1.1111237024873786,1.0162604869486878,0.9888013660609615
2022-09-16,1.1043126962895458,1.0162604869486878,0.9888013660609615
2022-09-19,1.1300207078137094,1.0162604869486878,0.9888013660609615
2022-09-20,1.137023715669938,1.0162604869486878,0.9888013660609615
2022-09-21,1.1311525070632011,1.0162604869486878,0.9888013660609615
2022-09-22,1.1527173249061904,1.0162604869486878,0.9888013660609615
2022-09-23,1.1289293299659855,1.0162604869486878,0.9888013660609615
2022-09-26,1.1026352081161923,1.0162604869486878,0.9888013660609615
2022-09-27,1.0951774594900787,1.0162604869486878,0.9888013660609615
2022-09-28,1.0959353607732203,1.0162604869486878,0.9888013660609615
2022-09-29,1.0879824499754542,1.0162604869486878,0.9888013660609615
2022-09-30,1.1119624465740547,1.0162604869486878,0.9888013660609615
2022-10-03,1.1735747682182474,1.0162604869486878,0.9888013660609615
2022-10-04,1.1745448818606685,1.0162604869486878,0.9888013660609615
2022-10-05,1.1843268610884163,1.0162604869486878,0.9888013660609615
2022-10-06,1.1879951032988219,1.0162604869486878,0.9888013660609615
2022-10-07,1.1760101576747424,1.0162604869486878,0.9888013660609615
2022-10-10,1.1716244355829628,1.0162604869486878,0.9888013660609615
2022-10-11,1.1603670751906996,1.0162604869486878,0.9888013660609615
2022-10-13,1.1550415555078244,1.0162604869486878,0.9888013660609615
2022-10-14,1.1325268347232975,1.0162604869486878,0.9888013660609615
2022-10-17,1.1482103386091083,1.0162604869486878,0.9888013660609615
2022-10-18,1.1696235761954692,1.0162604869486878,0.9888013660609615
2022-10-19,1.174989517280112,1.0162604869486878,0.9888013660609615
2022-10-20,1.1840540166264855,1.0162604869486878,0.9888013660609615
2022-10-21,1.2119245731452133,1.0162604869486878,0.9888013660609615
2022-10-24,1.172352020814779,1.0162604869486878,0.9888013660609615
2022-10-25,1.1583358997518802,1.0162604869486878,0.9888013660609615
2022-10-26,1.1395197372290844,1.0162604869486878,0.9888013660609615
2022-10-27,1.1584874800085088,1.0162604869486878,0.9888013660609615
2022-10-28,1.157456734263436,1.0162604869486878,0.9888013660609615
2022-10-31,1.1725945492253844,1.0162604869486878,0.9888013660609615
2022-11-01,1.181608521819549,1.0162604869486878,0.9888013660609615
2022-11-03,1.1812750452549665,1.0162604869486878,0.9888013660609615
2022-11-04,1.1939976814613036,1.0162604869486878,0.9888013660609615
2022-11-07,1.165571330668272,1.0162604869486878,0.9888013660609615
2022-11-08,1.1738375073297367,1.0162604869486878,0.9888013660609615
2022-11-09,1.147765703189665,1.0162604869486878,0.9888013660609615
2022-11-10,1.1093148447582803,1.0162604869486878,0.9888013660609615
2022-11-11,1.134355903153279,1.0162604869486878,0.9888013660609615
2022-11-14,1.1435315613545136,1.0162604869486878,0.9888013660609615
2022-11-16,1.1140441487650836,1.0162604869486878,0.9888013660609615
2022-11-17,1.1085872595264639,1.0162604869486878,0.9888013660609615
2022-11-18,1.10027055611279,1.0162604869486878,0.9888013660609615
2022-11-21,1.109042000296349,1.0162604869486878,0.9888013660609615
2022-11-22,1.1018570961321665,1.0162604869486878,0.9888013660609615
2022-11-23,1.098279802075738,1.0162604869486878,0.9888013660609615
2022-11-24,1.1300914452668018,1.0162604869486878,0.9888013660609615
2022-11-25,1.1012507751056528,1.0162604869486878,0.9888013660609615
2022-11-28,1.0992802317694845,1.0162604869486878,0.9888013660609615
2022-11-29,1.1207844175098227,1.0162604869486878,0.9888013660609615
2022-11-30,1.1367104498062386,1.0162604869486878,0.9888013660609615
2022-12-01,1.120946103116893,1.0162604869486878,0.9888013660609615
2022-12-02,1.1310312428578975,1.0162604869486878,0.9888013660609615
2022-12-05,1.1055354436930136,1.0162604869486878,0.9888013660609615
2022-12-06,1.106869349951343,1.0162604869486878,0.9888013660609615
2022-12-07,1.1051312296753382,1.0162604869486878,0.9888013660609615
2022-12-08,1.0837483081403025,1.0162604869486878,0.9888013660609615
2022-12-09,1.0882350837365011,1.0162604869486878,0.9888013660609615
2022-12-12,1.063729608914922,1.0162604869486878,0.9888013660609615
2022-12-13,1.0498650681086512,1.0162604869486878,0.9888013660609615
2022-12-14,1.0489656919193233,1.0162604869486878,0.9888013660609615
2022-12-15,1.0483088441406005,1.0162604869486878,0.9888013660609615
2022-12-16,1.0390826591871567,1.0162604869486878,0.9888013660609615
2022-12-19,1.0563122816905761,1.0162604869486878,0.9888013660609615
2022-12-20,1.0810602849227604,1.0162604869486878,0.9888013660609615
2022-12-21,1.0844354719703513,1.0162604869486878,0.9888013660609615
2022-12-22,1.0844758933721188,1.0162604869486878,0.9888013660609615
2022-12-23,1.1085367327742546,1.0162604869486878,0.9888013660609615
2022-12-26,1.098835596350042,1.0162604869486878,0.9888013660609615
2022-12-27,1.0948844043272636,1.0162604869486878,0.9888013660609615
2022-12-28,1.1139835166624323,1.0162604869486878,0.9888013660609615
2022-12-29,1.1119018144714035,1.0162604869486878,0.9888013660609615
2023-01-02,1.0749667586063019,1.0162604869486878,0.9888013660609615
2023-01-03,1.0526339341297288,1.0162604869486878,0.9888013660609615
2023-01-04,1.064436983445854,1.0162604869486878,0.9888013660609615
2023-01-05,1.086507068810938,1.0162604869486878,0.9888013660609615
2023-01-06,1.0998259206933463,1.0162604869486878,0.9888013660609615
2023-01-09,1.1037771127161247,1.0162604869486878,0.9888013660609615
2023-01-10,1.1208046282107063,1.0162604869486878,0.9888013660609615
2023-01-11,1.1294042814367533,1.0162604869486878,0.9888013660609615
2023-01-12,1.1305562913871283,1.0162604869486878,0.9888013660609615
2023-01-13,1.120845049612474,1.0162604869486878,0.9888013660609615
2023-01-16,1.1036356378099383,1.0162604869486878,0.9888013660609615
2023-01-17,1.1261301478935815,1.0162604869486878,0.9888013660609615
2023-01-18,1.136366867891214,1.0162604869486878,0.9888013660609615
2023-01-19,1.14196523203602,1.0162604869486878,0.9888013660609615
2023-01-20,1.134840959974489,1.0162604869486878,0.9888013660609615
2023-01-23,1.1288585925128911,1.0162604869486878,0.9888013660609615
2023-01-24,1.1421875497457419,1.0162604869486878,0.9888013660609615
2023-01-25,1.1539804937114253,1.0162604869486878,0.9888013660609615
2023-01-26,1.153111433573423,1.0162604869486878,0.9888013660609615
2023-01-27,1.1368721354133084,1.0162604869486878,0.9888013660609615
2023-01-30,1.1306674502419891,1.0162604869486878,0.9888013660609615
2023-01-31,1.1472806463684535,1.0162604869486878,0.9888013660609615
2023-02-01,1.1348611706753728,1.0162604869486878,0.9888013660609615
2023-02-02,1.1109317008289814,1.0162604869486878,0.9888013660609615
2023-02-03,1.0963294694404528,1.0162604869486878,0.9888013660609615
2023-02-06,1.0959858875254287,1.0162604869486878,0.9888013660609615
2023-02-07,1.0905694196885765,1.0162604869486878,0.9888013660609615
2023-02-08,1.1103961172555612,1.0162604869486878,0.9888013660609615
2023-02-09,1.0891849866780379,1.0162604869486878,0.9888013660609615
2023-02-10,1.092893650290211,1.0162604869486878,0.9888013660609615
2023-02-13,1.099926974197765,1.0162604869486878,0.9888013660609615
2023-02-14,1.0879319232232438,1.0162604869486878,0.9888013660609615
2023-02-15,1.1059497630611304,1.0162604869486878,0.9888013660609615
2023-02-16,1.1106285403157248,1.0162604869486878,0.9888013660609615
2023-02-17,1.1045451193497082,1.0162604869486878,0.9888013660609615
2023-02-22,1.0828085105492067,1.0162604869486878,0.9888013660609615
2023-02-23,1.0885483496001993,1.0162604869486878,0.9888013660609615
2023-02-24,1.0698837673340316,1.0162604869486878,0.9888013660609615
2023-02-27,1.0682467005624456,1.0162604869486878,0.9888013660609615
2023-02-28,1.0603746325682146,1.0162604869486878,0.9888013660609615
2023-03-01,1.0548470058765016,1.0162604869486878,0.9888013660609615
2023-03-02,1.044145439758542,1.0162604869486878,0.9888013660609615
2023-03-03,1.0496023289971614,1.0162604869486878,0.9888013660609615
2023-03-06,1.0580301912656962,1.0162604869486878,0.9888013660609615
2023-03-07,1.0532604658571252,1.0162604869486878,0.9888013660609615
2023-03-08,1.0766240360787707,1.0162604869486878,0.9888013660609615
2023-03-09,1.061779276279637,1.0162604869486878,0.9888013660609615
2023-03-10,1.0470962020875734,1.0162604869486878,0.9888013660609615
2023-03-13,1.042073842917955,1.0162604869486878,0.9888013660609615
2023-03-14,1.0401639316844382,1.0162604869486878,0.9888013660609615
2023-03-15,1.0375668566208731,1.0162604869486878,0.9888013660609615
2023-03-16,1.045246922956708,1.0162604869486878,0.9888013660609615
2023-03-17,1.0305638487646445,1.0162604869486878,0.9888013660609615
2023-03-20,1.019862282646685,1.0162604869486878,0.9888013660609615
2023-03-21,1.0206201839298266,1.0162604869486878,0.9888013660609615
2023-03-24,1.0300315764720385,1.0162604869486878,0.9888013660609615
2023-03-27,1.0387967825938544,1.0162604869486878,0.9888013660609615
2023-03-28,1.054586660447067,1.0162604869486878,0.9888013660609615
2023-03-29,1.0609234563115906,1.0162604869486878,0.9888013660609615
2023-03-30,1.0809343906206124,1.0162604869486878,0.9888013660609615
2023-03-31,1.0618510464957067,1.0162604869486878,0.9888013660609615
2023-04-03,1.0579322385268566,1.0162604869486878,0.9888013660609615
2023-04-04,1.061715555794656,1.0162604869486878,0.9888013660609615
2023-04-05,1.0524292315918757,1.0162604869486878,0.9888013660609615
2023-04-06,1.0508033431792676,1.0162604869486878,0.9888013660609615
2023-04-10,1.0614862638390319,1.0162604869486878,0.9888013660609615
2023-04-11,1.107000717030437,1.0162604869486878,0.9888013660609615
2023-04-12,1.114046233485072,1.0162604869486878,0.9888013660609615
2023-04-13,1.1095437732655422,1.0162604869486878,0.9888013660609615
2023-04-14,1.1076781705356908,1.0162604869486878,0.9888013660609615
2023-04-17,1.1049370894298194,1.0162604869486878,0.9888013660609615
2023-04-18,1.106469176587854,1.0162604869486878,0.9888013660609615
2023-04-19,1.083018862944469,1.0162604869486878,0.9888013660609615
2023-04-20,1.0877506151196232,1.0162604869486878,0.9888013660609615
2023-04-24,1.0833732232395246,1.0162604869486878,0.9888013660609615
2023-04-25,1.0757961663423063,1.0162604869486878,0.9888013660609615
2023-04-26,1.066332661991998,1.0162604869486878,0.9888013660609615
2023-04-27,1.0727007249413796,1.0162604869486878,0.9888013660609615
2023-04-28,1.0884280686248764,1.0162604869486878,0.9888013660609615
2023-05-02,1.0623200527685746,1.0162604869486878,0.9888013660609615
2023-05-03,1.0609651457580678,1.0162604869486878,0.9888013660609615
2023-05-04,1.0648943760885372,1.0162604869486878,0.9888013660609615
2023-05-05,1.0958904795442823,1.0162604869486878,0.9888013660609615
2023-05-08,1.1052080708319205,1.0162604869486878,0.9888013660609615
2023-05-09,1.1163808424877912,1.0162604869486878,0.9888013660609615
2023-05-10,1.1198619112686314,1.0162604869486878,0.9888013660609615
2023-05-11,1.1282831794570114,1.0162604869486878,0.9888013660609615
2023-05-12,1.130451030673822,1.0162604869486878,0.9888013660609615
2023-05-15,1.1363396649887163,1.0162604869486878,0.9888013660609615
2023-05-16,1.127636993036616,1.0162604869486878,0.9888013660609615
2023-05-17,1.1408317028466268,1.0162604869486878,0.9888013660609615
2023-05-18,1.1475853931759217,1.0162604869486878,0.9888013660609615
2023-05-19,1.1542244375274044,1.0162604869486878,0.9888013660609615
2023-05-22,1.1486797411459462,1.0162604869486878,0.9888013660609615
2023-05-23,1.14571979044607,1.0162604869486878,0.9888013660609615
2023-05-24,1.1339529441779006,1.0162604869486878,0.9888013660609615
2023-05-25,1.1470225856484804,1.0162604869486878,0.9888013660609615
2023-05-26,1.1559024377481089,1.0162604869486878,0.9888013660609615
2023-05-29,1.1499304245402602,1.0162604869486878,0.9888013660609615
2023-05-30,1.1356934785683208,1.0162604869486878,0.9888013660609615
2023-05-31,1.1291065460249345,1.0162604869486878,0.9888013660609615
2023-06-01,1.1523484124359338,1.0162604869486878,0.9888013660609615
2023-06-02,1.1731201791431631,1.0162604869486878,0.9888013660609615
2023-06-05,1.174558465046624,1.0162604869486878,0.9888013660609615
2023-06-06,1.19450686518593,1.0162604869486878,0.9888013660609615
2023-06-07,1.2036576986876597,1.0162604869486878,0.9888013660609615
2023-06-09,1.2196143343267807,1.0162604869486878,0.9888013660609615
2023-06-12,1.222918222960093,1.0162604869486878,0.9888013660609615
2023-06-13,1.2167377625198588,1.0162604869486878,0.9888013660609615
2023-06-14,1.240980175646309,1.0162604869486878,0.9888013660609615
2023-06-15,1.24256437461244,1.0162604869486878,0.9888013660609615
2023-06-16,1.2377388211827123,1.0162604869486878,0.9888013660609615
2023-06-19,1.2492034189639223,1.0162604869486878,0.9888013660609615
2023-06-20,1.246743741621772,1.0162604869486878,0.9888013660609615
2023-06-21,1.255060786193959,1.0162604869486878,0.9888013660609615
2023-06-22,1.2395731568277057,1.0162604869486878,0.9888013660609615
2023-06-23,1.2400213183773348,1.0162604869486878,0.9888013660609615
2023-06-26,1.2323713049487817,1.0162604869486878,0.9888013660609615
2023-06-27,1.2248672045828985,1.0162604869486878,0.9888013660609615
2023-06-28,1.216091576099463,1.0162604869486878,0.9888013660609615
2023-06-29,1.233830435575481,1.0162604869486878,0.9888013660609615
2023-06-30,1.2307454165361733,1.0162604869486878,0.9888013660609615
2023-07-03,1.247275282064355,1.0162604869486878,0.9888013660609615
2023-07-04,1.2410531321776435,1.0162604869486878,0.9888013660609615
2023-07-05,1.245982909223564,1.0162604869486878,0.9888013660609615
2023-07-06,1.223856235505828,1.0162604869486878,0.9888013660609615
2023-07-07,1.2391979518094114,1.0162604869486878,0.9888013660609615
2023-07-10,1.2292341741013777,1.0162604869486878,0.9888013660609615
2023-07-11,1.2217092290122558,1.0162604869486878,0.9888013660609615
2023-07-12,1.2263576022944556,1.0162604869486878,0.9888013660609615
2023-07-13,1.2430125361620685,1.0162604869486878,0.9888013660609615
2023-07-14,1.2268266085673234,1.0162604869486878,0.9888013660609615
2023-07-17,1.2321211682699187,1.0162604869486878,0.9888013660609615
2023-07-18,1.22818151557783,1.0162604869486878,0.9888013660609615
2023-07-19,1.2251694530698576,1.0162604869486878,0.9888013660609615
2023-07-20,1.2307037270896966,1.0162604869486878,0.9888013660609615
2023-07-21,1.2529450467852445,1.0162604869486878,0.9888013660609615
2023-07-24,1.2646702036069368,1.0162604869486878,0.9888013660609615
2023-07-25,1.2716114964453789,1.0162604869486878,0.9888013660609615
2023-07-26,1.2773646400592227,1.0162604869486878,0.9888013660609615
2023-07-27,1.2505791706976674,1.0162604869486878,0.9888013660609615
2023-07-28,1.252632375936666,1.0162604869486878,0.9888013660609615
2023-07-31,1.2709340429401255,1.0162604869486878,0.9888013660609615
2023-08-01,1.2636905016147244,1.0162604869486878,0.9888013660609615
2023-08-02,1.2596362029448236,1.0162604869486878,0.9888013660609615
2023-08-03,1.2567908982227594,1.0162604869486878,0.9888013660609615
2023-08-04,1.2455555923971733,1.0162604869486878,0.9888013660609615
2023-08-07,1.244221530109905,1.0162604869486878,0.9888013660609615
2023-08-08,1.2411990452403132,1.0162604869486878,0.9888013660609615
2023-08-09,1.2341014169775821,1.0162604869486878,0.9888013660609615
2023-08-10,1.2334864976420445,1.0162604869486878,0.9888013660609615
2023-08-11,1.2305161245805492,1.0162604869486878,0.9888013660609615
2023-08-14,1.2174360607483499,1.0162604869486878,0.9888013660609615
2023-08-15,1.2107761716736287,1.0162604869486878,0.9888013660609615
2023-08-16,1.2047416242960642,1.0162604869486878,0.9888013660609615
2023-08-17,1.1983839837083021,1.0162604869486878,0.9888013660609615
2023-08-18,1.2028343321197357,1.0162604869486878,0.9888013660609615
2023-08-21,1.1926204177328392,1.0162604869486878,0.9888013660609615
2023-08-22,1.2106198362493397,1.0162604869486878,0.9888013660609615
2023-08-23,1.231245689893899,1.0162604869486878,0.9888013660609615
2023-08-24,1.219687290858115,1.0162604869486878,0.9888013660609615
2023-08-25,1.2072951028927885,1.0162604869486878,0.9888013660609615
2023-08-28,1.2206774152119466,1.0162604869486878,0.9888013660609615
2023-08-29,1.2340493051694856,1.0162604869486878,0.9888013660609615
2023-08-30,1.2249922729223295,1.0162604869486878,0.9888013660609615
2023-08-31,1.2063049785389568,1.0162604869486878,0.9888013660609615
2023-09-01,1.2287234783820327,1.0162604869486878,0.9888013660609615
2023-09-04,1.2275144844341959,1.0162604869486878,0.9888013660609615
2023-09-05,1.222866111151996,1.0162604869486878,0.9888013660609615
2023-09-06,1.2088376124124423,1.0162604869486878,0.9888013660609615
2023-09-08,1.2018337854042846,1.0162604869486878,0.9888013660609615
2023-09-11,1.2181968931465574,1.0162604869486878,0.9888013660609615
2023-09-12,1.2295051555034784,1.0162604869486878,0.9888013660609615
2023-09-13,1.231673006720289,1.0162604869486878,0.9888013660609615
2023-09-14,1.244346598449336,1.0162604869486878,0.9888013660609615
2023-09-15,1.237738821182711,1.0162604869486878,0.9888013660609615
2023-09-18,1.2328403112216484,1.0162604869486878,0.9888013660609615
2023-09-19,1.2282336273859258,1.0162604869486878,0.9888013660609615
2023-09-20,1.2370822124006962,1.0162604869486878,0.9888013660609615
2023-09-21,1.2105051902715267,1.0162604869486878,0.9888013660609615
2023-09-22,1.2090877490913043,1.0162604869486878,0.9888013660609615
2023-09-25,1.2082122707152847,1.0162604869486878,0.9888013660609615
2023-09-26,1.1901607403906878,1.0162604869486878,0.9888013660609615
2023-09-27,1.1915573368476717,1.0282326082964908,0.9888013660609615
2023-09-28,1.206190332561144,1.0277184919923426,0.9888013660609615
2023-09-29,1.2148825821516254,1.0277184919923426,0.9888013660609615
2023-10-02,1.199165660829748,1.0277184919923426,0.9888013660609615
2023-10-03,1.1820938324973638,1.0277184919923426,0.9888013660609615
2023-10-04,1.1840532364817888,1.0277184919923426,0.9888013660609615
2023-10-05,1.1806868136787607,1.0277184919923426,0.9888013660609615
2023-10-06,1.1899210260734447,1.0277184919923426,0.9888013660609615
2023-10-09,1.2001974746300568,1.0277184919923426,0.9888013660609615
2023-10-10,1.216675228350142,1.0277184919923426,0.9888013660609615
2023-10-11,1.2199478498985965,1.0277184919923426,0.9888013660609615
2023-10-13,1.2064300468783875,1.0277184919923426,0.9888013660609615
2023-10-16,1.2145594889414275,1.0277184919923426,0.9888013660609615
2023-10-17,1.2080350905677568,1.0277184919923426,0.9888013660609615
2023-10-18,1.1887745662953233,1.0277184919923426,0.9888013660609615
2023-10-19,1.1881909140446436,1.0277184919923426,0.9888013660609615
2023-10-20,1.179342329029873,1.0277184919923426,0.9888013660609615
2023-10-23,1.1754860552307385,1.0277184919923426,0.9888013660609615
2023-10-24,1.1856687025327772,1.0277184919923426,0.9888013660609615
2023-10-25,1.1759550615036063,1.0277184919923426,0.9888013660609615
2023-10-26,1.1962473995763487,1.0277184919923426,0.9888013660609615
2023-10-27,1.1808639938262881,1.0277184919923426,0.9888013660609615
2023-10-30,1.1728491977410602,1.0277184919923426,0.9888013660609615
2023-10-31,1.179227683052061,1.0277184919923426,0.9888013660609615
2023-11-01,1.1991239713832706,1.0277184919923426,0.9888013660609615
2023-11-03,1.2315062489343802,1.0277184919923426,0.9888013660609615
2023-11-06,1.2349143611838853,1.0277184919923426,0.9888013660609615
2023-11-07,1.2430542256085448,1.0277184919923426,0.9888013660609615
2023-11-08,1.241292846494886,1.0277184919923426,0.9888013660609615
2023-11-09,1.2403861010340085,1.0277184919923426,0.9888013660609615
2023-11-10,1.2573120163037228,1.0277184919923426,0.9888013660609615
2023-11-13,1.2546022022827095,1.0277184919923426,0.9888013660609615
2023-11-14,1.2853690137828304,1.0277184919923426,0.9888013660609615
2023-11-16,1.2983761210836946,1.0277184919923426,0.9888013660609615
2023-11-17,1.3034413888306657,1.0277184919923426,0.9888013660609615
2023-11-20,1.3142076883833842,1.0277184919923426,0.9888013660609615
2023-11-21,1.3091215759131742,1.0277184919923426,0.9888013660609615
2023-11-22,1.313582346686227,1.0277184919923426,0.9888013660609615
2023-11-23,1.3192208443222588,1.0277184919923426,0.9888013660609615
2023-11-24,1.308444122407921,1.0277184919923426,0.9888013660609615
2023-11-27,1.3099136753962397,1.0277184919923426,0.9888013660609615
2023-11-28,1.3188247945807259,1.0277184919923426,0.9888013660609615
2023-11-29,1.3142702225530998,1.0277184919923426,0.9888013660609615
2023-11-30,1.3270897273448168,1.0277184919923426,0.9888013660609615
2023-12-01,1.3351357905149026,1.0277184919923426,0.9888013660609615
2023-12-04,1.3215867204098357,1.0277184919923426,0.9888013660609615
2023-12-05,1.3226289565717642,1.0277184919923426,0.9888013660609615
2023-12-06,1.309288333699083,1.0277184919923426,0.9888013660609615
2023-12-07,1.3133217876457453,1.0277184919923426,0.9888013660609615
2023-12-08,1.3246196276410471,1.0277184919923426,0.9888013660609615
2023-12-11,1.3227644472728148,1.0277184919923426,0.9888013660609615
2023-12-12,1.317417775762123,1.0277184919923426,0.9888013660609615
2023-12-13,1.349331047040365,1.0277184919923426,0.9888013660609615
2023-12-14,1.3636826389901164,1.0277184919923426,0.9888013660609615
2023-12-15,1.3569602157456793,1.0277184919923426,0.9888013660609615
2023-12-18,1.3662048505019828,1.0277184919923426,0.9888013660609615
2023-12-19,1.3741988018639724,1.0277184919923426,0.9888013660609615
2023-12-20,1.363286589248584,1.0277184919923426,0.9888013660609615
2023-12-21,1.3776486035599547,1.0277184919923426,0.9888013660609615
2023-12-22,1.3835997720445647,1.0277184919923426,0.9888013660609615
2023-12-26,1.3917292141076048,1.0277184919923426,0.9888013660609615
2023-12-27,1.3986183951379503,1.0277184919923426,0.9888013660609615
2023-12-28,1.3985245938833766,1.0277184919923426,0.9888013660609615
2024-01-02,1.3830161197938848,1.0277184919923426,0.9888013660609615
2024-01-03,1.3844439833357265,1.0277184919923426,0.9888013660609615
2024-01-04,1.3676848258519207,1.0277184919923426,0.9888013660609615
2024-01-05,1.3759914480624889,1.0277184919923426,0.9888013660609615
2024-01-08,1.3802020821566787,1.0277184919923426,0.9888013660609615
2024-01-09,1.3699881677697823,1.0277184919923426,0.9888013660609615
2024-01-10,1.3636722166284971,1.0277184919923426,0.9888013660609615
2024-01-11,1.361671123197595,1.0277184919923426,0.9888013660609615
2024-01-12,1.3652043037865318,1.0277184919923426,0.9888013660609615
2024-01-15,1.3707594225296096,1.0277184919923426,0.9888013660609615
2024-01-16,1.347548823203468,1.0277184919923426,0.9888013660609615
2024-01-17,1.3395236047566206,1.0277184919923426,0.9888013660609615
2024-01-18,1.3269333919205277,1.0277184919923426,0.9888013660609615
2024-01-19,1.3302685476386982,1.0277184919923426,0.9888013660609615
2024-01-22,1.3194918257243604,1.0277184919923426,0.9888013660609615
2024-01-23,1.3368033683739884,1.0277184919923426,0.9888013660609615
2024-01-24,1.3321445727301693,1.0277184919923426,0.9888013660609615
2024-01-25,1.3358236663817757,1.0277184919923426,0.9888013660609615
2024-01-26,1.344140710953963,1.0277184919923426,0.9888013660609615
2024-01-29,1.339304735162616,1.0277184919923426,0.9888013660609615
2024-01-30,1.3278297150197864,1.0277184919923426,0.9888013660609615
2024-01-31,1.3314775415865352,1.0277184919923426,0.9888013660609615
2024-02-01,1.339075443206992,1.0277184919923426,0.9888013660609615
2024-02-02,1.3255367954635442,1.0277184919923426,0.9888013660609615
2024-02-05,1.329820386089069,1.0277184919923426,0.9888013660609615
2024-02-06,1.3592427129403026,1.0277184919923426,0.9888013660609615
2024-02-07,1.3508214447519227,1.0277184919923426,0.9888013660609615
2024-02-08,1.3363239397395013,1.0277184919923426,0.9888013660609615
2024-02-09,1.3343332686702183,1.0277184919923426,0.9888013660609615
2024-02-14,1.3238275281579819,1.0277184919923426,0.9888013660609615
2024-02-15,1.3320195043907375,1.0277184919923426,0.9888013660609615
2024-02-16,1.3416289218037156,1.0277184919923426,0.9888013660609615
2024-02-19,1.344859853905693,1.0277184919923426,0.9888013660609615
2024-02-20,1.3540315321306613,1.0277184919923426,0.9888013660609615
2024-02-21,1.3552405260784979,1.0277184919923426,0.9888013660609615
2024-02-22,1.3574187996569278,1.0277184919923426,0.9888013660609615
2024-02-23,1.3488516184058779,1.0277184919923426,0.9888013660609615
2024-02-26,1.3508318671135415,1.0277184919923426,0.9888013660609615
2024-02-27,1.3725103792816484,1.0277184919923426,0.9888013660609615
2024-02-28,1.3565224765576696,1.0277184919923426,0.9888013660609615
2024-02-29,1.3446930961197843,1.0277184919923426,0.9888013660609615
2024-03-01,1.3463606739788696,1.0277184919923426,0.9888013660609615
2024-03-04,1.3376163125802918,1.0277184919923426,0.9888013660609615
2024-03-05,1.3350836787068066,1.0277184919923426,0.9888013660609615
2024-03-06,1.343338189109278,1.0277184919923426,0.9888013660609615
2024-03-07,1.337605890218673,1.0277184919923426,0.9888013660609615
2024-03-08,1.324379913323804,1.0277184919923426,0.9888013660609615
2024-03-11,1.3145099368703437,1.0277184919923426,0.9888013660609615
2024-03-12,1.3306020632105153,1.0277184919923426,0.9888013660609615
2024-03-13,1.3341248214378325,1.0277184919923426,0.9888013660609615
2024-03-14,1.3308313551661393,1.0277184919923426,0.9888013660609615
2024-03-15,1.3209509563510595,1.0277184919923426,0.9888013660609615
2024-03-18,1.3231604970143473,1.0277184919923426,0.9888013660609615
2024-03-19,1.3291533549454344,1.0277184919923426,0.9888013660609615
2024-03-20,1.3457874440898088,1.0277184919923426,0.9888013660609615
2024-03-21,1.3357194427655823,1.0277184919923426,0.9888013660609615
2024-03-22,1.323921329412555,1.0277184919923426,0.9888013660609615
2024-03-25,1.322920782697104,1.0277184919923426,0.9888013660609615
2024-03-26,1.3222120621069926,1.0277184919923426,0.9888013660609615
2024-03-27,1.3308417775277581,1.0277184919923426,0.9888013660609615
2024-03-28,1.33516705759976,1.0277184919923426,0.9888013660609615
2024-04-01,1.3235357020326413,1.0277184919923426,0.9888013660609615
2024-04-02,1.3293618021778202,1.0277184919923426,0.9888013660609615
2024-04-03,1.326954236643766,1.0277184919923426,0.9888013660609615
2024-04-04,1.3281006964218869,1.0277184919923426,0.9888013660609615
2024-04-05,1.321503341516881,1.0277184919923426,0.9888013660609615
2024-04-08,1.342994251175841,1.0277184919923426,0.9888013660609615
2024-04-09,1.3537605507285595,1.0277184919923426,0.9888013660609615
2024-04-10,1.3346250947955574,1.0277184919923426,0.9888013660609615
2024-04-11,1.3277671808500695,1.0277184919923426,0.9888013660609615
2024-04-12,1.3126547565021105,1.0277184919923426,0.9888013660609615
2024-04-15,1.3062762711911098,1.0277184919923426,0.9888013660609615
2024-04-16,1.2964271394608882,1.0277184919923426,0.9888013660609615
2024-04-17,1.2941550646278845,1.0277184919923426,0.9888013660609615
2024-04-18,1.2944156236683668,1.0277184919923426,0.9888013660609615
2024-04-19,1.3040875752510606,1.0277184919923426,0.9888013660609615
2024-04-22,1.308767215618118,1.0277184919923426,0.9888013660609615
2024-04-23,1.304337711929923,1.0277184919923426,0.9888013660609615
2024-04-24,1.3000958107508753,1.0277184919923426,0.9888013660609615
2024-04-25,1.2991056863970436,1.0277184919923426,0.9888013660609615
2024-04-26,1.3186997262412943,1.0277184919923426,0.9888013660609615
2024-04-29,1.3273085969388214,1.0277184919923426,0.9888013660609615
2024-04-30,1.3124254645464863,1.0277184919923426,0.9888013660609615
2024-05-02,1.3249114537663864,1.0277184919923426,0.9888013660609615
2024-05-03,1.3393672693323309,1.0277184919923426,0.9888013660609615
2024-05-06,1.3389191077827016,1.0277184919923426,0.9888013660609615
2024-05-07,1.3466733448274475,1.0277184919923426,0.9888013660609615
2024-05-08,1.3494978048262731,1.0277184919923426,0.9888013660609615
2024-05-09,1.3360216912525413,1.0277184919923426,0.9888013660609615
2024-05-10,1.3298933426204034,1.0277184919923426,0.9888013660609615
2024-05-13,1.3356777533191049,1.0277184919923426,0.9888013660609615
2024-05-14,1.3394298035020467,1.0277184919923426,0.9888013660609615
2024-05-15,1.3343541133934562,1.0277184919923426,0.9888013660609615
2024-05-16,1.3370222379679926,1.0277184919923426,0.9888013660609615
2024-05-17,1.335636063872628,1.0277184919923426,0.9888013660609615
2024-05-20,1.3314671192249152,1.0277184919923426,0.9888013660609615
2024-05-21,1.3279339386359788,1.0277184919923426,0.9888013660609615
2024-05-22,1.3095697374628035,1.0277184919923426,0.9888013660609615
2024-05-23,1.2999707424114446,1.0277184919923426,0.9888013660609615
2024-05-24,1.2955620834464885,1.0277184919923426,0.9888013660609615
2024-05-27,1.297542332154152,1.0277184919923426,0.9888013660609615
2024-05-28,1.2900799212347458,1.0277184919923426,0.9888013660609615
2024-05-29,1.2788967272172562,1.0277184919923426,0.9888013660609615
2024-05-31,1.2725495089911134,1.0277184919923426,0.9888013660609615
2024-06-03,1.271861633124241,1.0277184919923426,0.9888013660609615
2024-06-04,1.269464489951806,1.0277184919923426,0.9888013660609615
2024-06-05,1.2653476571121895,1.0277184919923426,0.9888013660609615
2024-06-06,1.2808978206481585,1.0277184919923426,0.9888013660609615
2024-06-07,1.2586773456758489,1.0277184919923426,0.9888013660609615
2024-06-10,1.2586043891445138,1.0277184919923426,0.9888013660609615
2024-06-11,1.2677239555613857,1.0277184919923426,0.9888013660609615
2024-06-12,1.2500163631702252,1.0277184919923426,0.9888013660609615
2024-06-13,1.2461809340943295,1.0277184919923426,0.9888013660609615
2024-06-14,1.247160636086542,1.0277184919923426,0.9888013660609615
2024-06-17,1.241699318598038,1.0277184919923426,0.9888013660609615
2024-06-18,1.246827120514725,1.0277184919923426,0.9888013660609615
2024-06-19,1.2534036306964922,1.0277184919923426,0.9888013660609615
2024-06-20,1.2553317675960591,1.0277184919923426,0.9888013660609615
2024-06-21,1.2646597812453166,1.0277184919923426,0.9888013660609615
2024-06-24,1.2781671619039066,1.0277184919923426,0.9888013660609615
2024-06-25,1.274977919248406,1.0277184919923426,0.9888013660609615
2024-06-26,1.2782088513503833,1.0411739148473664,0.9888013660609615
2024-06-27,1.2955829281697266,1.0406533278899428,0.9888013660609615
2024-06-28,1.2914035611603945,1.0406533278899428,0.9888013660609615
2024-07-01,1.299856096433632,1.0406533278899428,0.9888013660609615
2024-07-02,1.300575239385363,1.0406533278899428,0.9888013660609615
2024-07-03,1.3096948058022349,1.0406533278899428,0.9888013660609615
2024-07-04,1.3149268313351146,1.0406533278899428,0.9888013660609615
2024-07-05,1.3160003345819007,1.0406533278899428,0.9888013660609615
2024-07-08,1.318929018196919,1.0406533278899428,0.9888013660609615
2024-07-09,1.324765540703717,1.0406533278899428,0.9888013660609615
2024-07-10,1.325912000481838,1.0406533278899428,0.9888013660609615
2024-07-11,1.3371264615841858,1.0406533278899428,0.9888013660609615
2024-07-12,1.3434111456406128,1.0406533278899428,0.9888013660609615
2024-07-15,1.3478302269671887,1.0406533278899428,0.9888013660609615
2024-07-16,1.3456311086655202,1.0406533278899428,0.9888013660609615
2024-07-17,1.3491747116160762,1.0406533278899428,0.9888013660609615
2024-07-18,1.330435305424607,1.0406533278899428,0.9888013660609615
2024-07-19,1.3300601004063128,1.0406533278899428,0.9888013660609615
2024-07-22,1.3326031566414176,1.0406533278899428,0.9888013660609615
2024-07-23,1.3193667573849293,1.0406533278899428,0.9888013660609615
2024-07-24,1.317626222994509,1.0406533278899428,0.9888013660609615
2024-07-25,1.3127381353950658,1.0406533278899428,0.9888013660609615
2024-07-26,1.3287677275655216,1.0406533278899428,0.9888013660609615
2024-07-29,1.3231604970143478,1.0406533278899428,0.9888013660609615
2024-07-30,1.3146662722946327,1.0406533278899428,0.9888013660609615
2024-07-31,1.330435305424607,1.0406533278899428,0.9888013660609615
2024-08-01,1.3277567584884515,1.0406533278899428,0.9888013660609615
2024-08-02,1.3116958992331376,1.0406533278899428,0.9888013660609615
2024-08-05,1.3056092400474766,1.0406533278899428,0.9888013660609615
2024-08-06,1.3160003345819011,1.0406533278899428,0.9888013660609615
2024-08-07,1.328997019521146,1.0406533278899428,0.9888013660609615
2024-08-08,1.3409514682984627,1.0406533278899428,0.9888013660609615
2024-08-09,1.36131676290254,1.0406533278899428,0.9888013660609615
2024-08-12,1.3665383660738004,1.0406533278899428,0.9888013660609615
2024-08-13,1.3798998336697201,1.0406533278899428,0.9888013660609615
2024-08-14,1.3894884063594597,1.0406533278899428,0.9888013660609615
2024-08-15,1.3981910783115603,1.0406533278899428,0.9888013660609615
2024-08-16,1.3961066059877039,1.0406533278899428,0.9888013660609615
2024-08-19,1.4151274159428937,1.0406533278899428,0.9888013660609615
2024-08-20,1.4183479256832519,1.0406533278899428,0.9888013660609615
2024-08-21,1.4222771560137213,1.0406533278899428,0.9888013660609615
2024-08-22,1.4088218871632279,1.0406533278899428,0.9888013660609615
2024-08-23,1.4133556144676158,1.0406533278899428,0.9888013660609615
2024-08-26,1.4267066597019162,1.0406533278899428,0.9888013660609615
2024-08-27,1.4255289328389373,1.0406533278899428,0.9888013660609615
2024-08-28,1.43144883423869,1.0406533278899428,0.9888013660609615
2024-08-29,1.4178684970487652,1.0406533278899428,0.9888013660609615
2024-08-30,1.417482869668852,1.0406533278899428,0.9888013660609615
2024-09-02,1.4068207937323263,1.0406533278899428,0.9888013660609615
2024-09-03,1.4002755506354172,1.0406533278899428,0.9888013660609615
2024-09-04,1.4185980623621153,1.0406533278899428,0.9888013660609615
2024-09-05,1.4226732057552545,1.0406533278899428,0.9888013660609615
2024-09-06,1.40255804783004,1.0406533278899428,0.9888013660609615
2024-09-09,1.4042777374972215,1.0406533278899428,0.9888013660609615
2024-09-10,1.3999316127019807,1.0406533278899428,0.9888013660609615
2024-09-11,1.4036523958000646,1.0406533278899428,0.9888013660609615
2024-09-12,1.3968987054707698,1.0406533278899428,0.9888013660609615
2024-09-13,1.4057889799320173,1.0406533278899428,0.9888013660609615
2024-09-16,1.4082486572741681,1.0406533278899428,0.9888013660609615
2024-09-17,1.4066019241383216,1.0406533278899428,0.9888013660609615
2024-09-18,1.3939700218557518,1.0406533278899428,0.9888013660609615
2024-09-19,1.3874560458437004,1.0406533278899428,0.9888013660609615
2024-09-20,1.3660068256312174,1.0406533278899428,0.9888013660609615
2024-09-23,1.3608269119064345,1.0406533278899428,0.9888013660609615
2024-09-24,1.3773776221578544,1.0406533278899428,0.9888013660609615
2024-09-25,1.3714368760348634,1.0406533278899428,0.9888013660609615
2024-09-26,1.3862783189807213,1.0406533278899428,0.9888013660609615
2024-09-27,1.3833600577273224,1.0406533278899428,0.9888013660609615
2024-09-30,1.3738340192072984,1.0406533278899428,0.9888013660609615
2024-10-01,1.3809108027467911,1.0406533278899428,0.9888013660609615
2024-10-02,1.3915416115984587,1.0406533278899428,0.9888013660609615
2024-10-03,1.3723331991341219,1.0406533278899428,0.9888013660609615
2024-10-04,1.3735838825284357,1.0406533278899428,0.9888013660609615
2024-10-07,1.3759393362543932,1.0406533278899428,0.9888013660609615
2024-10-08,1.3706656212750365,1.0406533278899428,0.9888013660609615
2024-10-09,1.354510960765149,1.0406533278899428,0.9888013660609615
2024-10-10,1.3585861041582885,1.0406533278899428,0.9888013660609615
2024-10-11,1.3548236316137277,1.0406533278899428,0.9888013660609615
2024-10-14,1.3653814839340603,1.0406533278899428,0.9888013660609615
2024-10-15,1.365777533675593,1.0406533278899428,0.9888013660609615
2024-10-16,1.3731461433404253,1.0406533278899428,0.9888013660609615
2024-10-17,1.3631719432707723,1.0406533278899428,0.9888013660609615
2024-10-18,1.3601077689547032,1.0406533278899428,0.9888013660609615
2024-10-21,1.3586799054128615,1.0406533278899428,0.9888013660609615
2024-10-22,1.3519991716149018,1.0406533278899428,0.9888013660609615
2024-10-23,1.346913059144692,1.0406533278899428,0.9888013660609615
2024-10-24,1.3556053087351732,1.0406533278899428,0.9888013660609615
2024-10-25,1.353791817813418,1.0406533278899428,0.9888013660609615
2024-10-28,1.3675493351508705,1.0406533278899428,0.9888013660609615
2024-10-29,1.3625153344887573,1.0406533278899428,0.9888013660609615
2024-10-30,1.3615668995814028,1.0406533278899428,0.9888013660609615
2024-10-31,1.3519157927219474,1.0406533278899428,0.9888013660609615
2024-11-01,1.3353233930240502,1.0406533278899428,0.9888013660609615
2024-11-04,1.3602745267406118,1.0406533278899428,0.9888013660609615
2024-11-05,1.3617961915370267,1.0406533278899428,0.9888013660609615
2024-11-06,1.3584610358188565,1.0406533278899428,0.9888013660609615
2024-11-07,1.3515926995117495,1.0406533278899428,0.9888013660609615
2024-11-08,1.3322904857928388,1.0406533278899428,0.9888013660609615
2024-11-11,1.3327490697040871,1.0406533278899428,0.9888013660609615
2024-11-12,1.3309147340590934,1.0406533278899428,0.9888013660609615
2024-11-13,1.3312899390773876,1.0406533278899428,0.9888013660609615
2024-11-14,1.331894436051306,1.0406533278899428,0.9888013660609615
2024-11-18,1.3316442993724433,1.0406533278899428,0.9888013660609615
2024-11-19,1.336115492507115,1.0406533278899428,0.9888013660609615
2024-11-21,1.3228269814425304,1.0406533278899428,0.9888013660609615
2024-11-22,1.3457978664514283,1.0406533278899428,0.9888013660609615
2024-11-25,1.344859853905693,1.0406533278899428,0.9888013660609615
2024-11-26,1.3540940663003769,1.0406533278899428,0.9888013660609615
2024-11-27,1.3306124855721342,1.0406533278899428,0.9888013660609615
2024-11-28,1.29873048137875,1.0406533278899428,0.9888013660609615
2024-11-29,1.3097573399719504,1.0406533278899428,0.9888013660609615
2024-12-02,1.3052548797524206,1.0406533278899428,0.9888013660609615
2024-12-03,1.3146662722946325,1.0406533278899428,0.9888013660609615
2024-12-04,1.3141243094904298,1.0406533278899428,0.9888013660609615
2024-12-05,1.3325823119181783,1.0406533278899428,0.9888013660609615
2024-12-06,1.312654756502111,1.0406533278899428,0.9888013660609615
2024-12-09,1.3258286215888835,1.0406533278899428,0.9888013660609615
2024-12-10,1.3364385857173129,1.0406533278899428,0.9888013660609615
2024-12-11,1.350665109327633,1.0406533278899428,0.9888013660609615
2024-12-12,1.313655303217562,1.0406533278899428,0.9888013660609615
2024-12-13,1.2987513261019885,1.0406533278899428,0.9888013660609615
2024-12-16,1.2877870016785036,1.0406533278899428,0.9888013660609615
2024-12-17,1.2996476492012465,1.0406533278899428,0.9888013660609615
2024-12-18,1.2587294574839447,1.0406533278899428,0.9888013660609615
2024-12-19,1.2630651599175662,1.0406533278899428,0.9888013660609615
2024-12-20,1.2725911984375902,1.0406533278899428,0.9888013660609615
2024-12-23,1.2586773456758487,1.0406533278899428,0.9888013660609615
2024-12-26,1.2619187001394454,1.0406533278899428,0.9888013660609615
2024-12-27,1.253487009589446,1.0406533278899428,0.9888013660609615
2024-12-30,1.2536329226521157,1.0406533278899428,0.9888013660609615
