date,equity_ibov,equity_logreg_l2,equity_rf_200
2019-08-05,1.0,1.0,1.0
2019-08-06,1.020639773022438,1.0,1.0
2019-08-07,1.0268137225518992,1.0,1.0
2019-08-08,1.040130671941497,1.0,1.0
2019-08-09,1.03894183699974,1.0,1.0
2019-08-12,1.0181522108333831,1.0,1.0
2019-08-13,1.0319786609123058,1.0,1.0
2019-08-14,1.0015984335351353,1.0,1.0
2019-08-15,0.9896001918120241,1.0,1.0
2019-08-16,0.9970828587983774,1.0,1.0
2019-08-19,0.9937161581649983,1.0,1.0
2019-08-20,0.9912485763951326,1.0,1.0
2019-08-21,1.0110291913924352,1.0,1.0
2019-08-22,0.99913085176527,1.0,1.0
2019-08-23,0.975713800475534,1.0,1.0
2019-08-26,0.9633559112070171,1.0,1.0
2019-08-27,0.9718076285240465,1.0,1.0
2019-08-28,0.9809786409318867,1.0,1.0
2019-08-29,1.0042558292872985,1.0,1.0
2019-08-30,1.0103598473495974,1.0,1.0
2019-09-02,1.0052748306659474,1.0,1.0
2019-09-03,0.9958340825990528,1.0,1.0
2019-09-04,1.0110192011828407,1.0,1.0
2019-09-05,1.0214289995804111,1.0,1.0
2019-09-06,1.0283422246198728,1.0,1.0
2019-09-09,1.0307998161801435,1.0,1.0
2019-09-10,1.0293112749505486,1.0,1.0
2019-09-11,1.033447221722712,1.0,1.0
2019-09-12,1.0426881655977145,1.0,1.0
2019-09-13,1.0339966832504148,1.0,1.0
2019-09-16,1.035784930767848,1.0,1.0
2019-09-17,1.0451457571579856,1.0,1.0
2019-09-18,1.044296589342445,1.0,1.0
2019-09-19,1.0423684788906877,1.0,1.0
2019-09-20,1.0471437990769052,1.0,1.0
2019-09-23,1.0453555515594724,1.0,1.0
2019-09-24,1.0377430118483892,1.0,1.0
2019-09-25,1.0437870886531209,1.0,1.0
2019-09-26,1.0521588842933933,1.0,1.0
2019-09-27,1.0497512437810952,1.0,1.0
2019-09-30,1.0464245039860944,1.0,1.0
2019-10-01,1.0395112789466332,1.0,1.0
2019-10-02,1.00932086555176,1.0,1.0
2019-10-03,1.0141661172051397,1.0,1.0
2019-10-04,1.024505984135548,1.0,1.0
2019-10-07,1.0047453495574346,1.0,1.0
2019-10-08,0.998831145477433,1.0,1.0
2019-10-09,1.0114987312433825,1.0,1.0
2019-10-10,1.017173170293114,1.0,1.0
2019-10-11,1.0373034426262275,1.0,1.0
2019-10-14,1.0419988411356882,1.0,1.0
2019-10-15,1.0438770005394726,1.0,1.0
2019-10-16,1.0531978660912318,1.0,1.0
2019-10-17,1.0491318507862308,1.0,1.0
2019-10-18,1.0462646606325814,1.0,1.0
2019-10-21,1.0591820016383957,1.0,1.0
2019-10-22,1.0727586964774534,1.0,1.0
2019-10-23,1.0743871006413725,1.0,1.0
2019-10-24,1.0688125636875874,1.0,1.0
2019-10-25,1.0725888629143452,1.0,1.0
2019-10-28,1.0808108054106988,1.0,1.0
2019-10-29,1.074506983156508,1.0,1.0
2019-10-30,1.083018641731105,1.0,1.0
2019-10-31,1.0711502727327233,1.0,1.0
2019-11-01,1.0809007172970502,1.0,1.0
2019-11-04,1.0849467521828622,1.0,1.0
2019-11-05,1.0834482207436724,1.0,1.0
2019-11-06,1.0822993466402937,1.0,1.0
2019-11-07,1.0947371575855676,1.0,1.0
2019-11-08,1.0752362684569137,1.0,1.0
2019-11-11,1.0810905312793477,1.0,1.0
2019-11-12,1.0668045315590735,1.0,1.0
2019-11-13,1.0581030590021794,1.0,1.0
2019-11-14,1.0645267637715055,1.0,1.0
2019-11-18,1.06242881975664,1.0,1.0
2019-11-19,1.0551459569621786,1.0,1.0
2019-11-21,1.073917560790427,1.0,1.0
2019-11-22,1.085855861255971,1.0,1.0
2019-11-25,1.0831784850846187,1.0,1.0
2019-11-26,1.0695418489879935,1.0,1.0
2019-11-27,1.0760254950148873,1.0,1.0
2019-11-28,1.0818397969989428,1.0,1.0
2019-11-29,1.0812703550520508,1.0,1.0
2019-12-02,1.0895422485963775,1.0,1.0
2019-12-03,1.0884932765889448,1.0,1.0
2019-12-04,1.1019301084936781,1.0,1.0
2019-12-05,1.105136965773544,1.0,1.0
2019-12-06,1.1101720314092207,1.0,1.0
2019-12-09,1.1086834901796259,1.0,1.0
2019-12-10,1.1056364762532738,1.0,1.0
2019-12-11,1.1085536174548962,1.0,1.0
2019-12-12,1.1209015165138185,1.0,1.0
2019-12-13,1.1245479430158465,1.0,1.0
2019-12-16,1.117864492797061,1.0,1.0
2019-12-17,1.1250574437051708,1.0,1.0
2019-12-18,1.1420308098063916,1.0,1.0
2019-12-19,1.1501828208355829,1.0,1.0
2019-12-20,1.1500829187396369,1.0,1.0
2019-12-23,1.1574956542588282,1.0,1.0
2019-12-26,1.1708825351155885,1.0,1.0
2019-12-27,1.164199084896803,1.0,1.0
2019-12-30,1.1585046654278823,1.0,1.0
2020-01-02,1.1845691222601868,1.0,1.0
2020-01-03,1.1759176007512655,1.0,1.0
2020-01-06,1.1676357169973444,1.0,1.0
2020-01-07,1.1654778317249113,1.0,1.0
2020-01-08,1.1613318947431535,1.0,1.0
2020-01-09,1.1583348318647744,1.0,1.0
2020-01-10,1.153899178804773,1.0,1.0
2020-01-13,1.1721013406861294,1.0,1.0
2020-01-14,1.1751683350316706,1.0,1.0
2020-01-15,1.163000259745451,1.0,1.0
2020-01-16,1.165897420527884,1.0,1.0
2020-01-17,1.1836200523486997,1.0,1.0
2020-01-20,1.1874562928330252,1.0,1.0
2020-01-21,1.1691142680173445,1.0,1.0
2020-01-22,1.18275090411397,1.0,1.0
2020-01-23,1.1941097724230272,1.0,1.0
2020-01-24,1.1826010509700509,1.0,1.0
2020-01-27,1.1436991748086889,1.0,1.0
2020-01-28,1.1636496233690998,1.0,1.0
2020-01-29,1.1527203340726107,1.0,1.0
2020-01-30,1.154148934044638,1.0,1.0
2020-01-31,1.1364962336909845,1.0,1.0
2020-02-03,1.1451677356190948,1.0,1.0
2020-02-04,1.1544386501228812,1.0,1.0
2020-02-05,1.1591440388419363,1.0,1.0
2020-02-06,1.1507722432016638,1.0,1.0
2020-02-07,1.1365861455773356,1.0,1.0
2020-02-10,1.1245978940638188,1.0,1.0
2020-02-11,1.1525804711382857,1.0,1.0
2020-02-12,1.165597714240046,1.0,1.0
2020-02-13,1.1554876221303136,1.0,1.0
2020-02-14,1.1426901636396343,1.0,1.0
2020-02-17,1.1519610781434206,1.0,1.0
2020-02-18,1.1486443285580143,1.0,1.0
2020-02-19,1.1640392415432887,1.0,1.0
2020-02-20,1.1447381566065267,1.0,1.0
2020-02-21,1.135697016923416,1.0,1.0
2020-02-26,1.0561449779216376,1.0,1.0
2020-02-27,1.0288317448900088,1.0,1.0
2020-02-28,1.0407001138883905,1.0,1.0
2020-03-02,1.0652060980239375,1.0,0.9995
2020-03-03,1.0543367499850158,1.0,1.015476922785374
2020-03-04,1.0711902335711017,1.0,0.9682090972834173
2020-03-05,1.0213290974844664,1.0,0.9280915839942391
2020-03-06,0.9790105696417521,1.0,0.8151071804201371
2020-03-09,0.8598273691782062,1.0,0.8733230336280168
2020-03-10,0.921237187556196,1.0,0.8066215118868264
2020-03-11,0.8508761413814471,1.0,0.6874054454835744
2020-03-12,0.7251193830046562,1.0,0.783011275666354
2020-03-13,0.8259705488621161,1.0,0.6740045292172414
2020-03-16,0.7109832364283011,1.0,0.7066686707031659
2020-03-17,0.7454394693200673,1.0,0.6335366032765761
2020-03-18,0.6682950708305869,1.0,0.6471458730113611
2020-03-19,0.6826510020180232,1.0,0.635184489799786
2020-03-20,0.6700333673000468,1.0,0.6020468177037439
2020-03-23,0.6350776239285508,1.0,0.660376318258052
2020-03-24,0.6966073248216758,1.0,0.7098792082397646
2020-03-25,0.7488261503726359,1.0,0.7359612742450518
2020-03-26,0.7763391875961567,1.0,0.6954175834067675
2020-03-27,0.7335711003216856,1.0,0.7068864947838202
2020-03-30,0.7456692441407431,1.0,0.6915441030160041
2020-03-31,0.7294851045974955,1.0,0.6721009361645681
2020-04-01,0.7089752042997872,1.0,0.6842801434567973
2020-04-02,0.7218226138384394,1.0,0.6585674313274019
2020-04-03,0.6946991947891076,1.0,0.7015166576650845
2020-04-06,0.7400047953006064,1.0,0.7231570065474671
2020-04-07,0.7628324242242613,1.0,0.7446268844102072
2020-04-08,0.7854802293752134,1.0,0.7356960971033859
2020-04-09,0.7760594617275082,1.0,0.7466251835849042
2020-04-13,0.7875881635996735,1.0,0.7568723859878529
2020-04-14,0.7983975703810278,1.0,0.7465778305238924
2020-04-15,0.7875382125517005,1.0,0.736927276689692
2020-04-16,0.7773581889748058,1.0,0.7480836578640668
2020-04-17,0.7891266558772414,1.0,0.7479226574566268
2020-04-20,0.7889568223141332,1.0,0.7641552867714642
2020-04-22,0.806080041559273,1.0,0.7545520859982756
2020-04-23,0.7959499690303513,1.0,0.7134306878156477
2020-04-24,0.7525724789706099,1.0,0.7409712281000976
2020-04-27,0.7816240084716988,1.0,0.7700744193979363
2020-04-28,0.8123239225558962,1.0,0.7876802874821154
2020-04-29,0.8308957221922527,1.0,0.7624411059628378
2020-04-30,0.8042718136226509,1.0,0.7470040080729982
2020-05-04,0.7879877719834573,1.0,0.7526390223333997
2020-05-05,0.7939319466922428,1.0,0.748784483167041
2020-05-06,0.7898659313872417,1.0,0.739834754635815
2020-05-07,0.7804251833203473,1.0,0.7601397471976654
2020-05-08,0.801844192691164,1.0,0.7487939537792434
2020-05-11,0.7898759215968364,1.0,0.7374955134218332
2020-05-12,0.7779576015504818,1.0,0.7365484522015976
2020-05-13,0.776958580591022,1.0,0.7482825407203162
2020-05-14,0.7893364502787281,1.0,0.7345122705780912
2020-05-15,0.7748106855281836,1.0,0.7689568871580584
2020-05-18,0.811145077823734,1.0,0.7646761704425936
2020-05-19,0.806629503086976,1.0,0.7701407136833527
2020-05-20,0.8123938540230585,1.0,0.7863165193249759
2020-05-21,0.8294571320106308,1.0,0.7782286165041643
2020-05-22,0.8209254930168446,1.0,0.8112810530903852
2020-05-25,0.8557913245019892,1.0,0.8094437543231282
2020-05-26,0.8538532238406372,1.0,0.8329024607483629
2020-05-27,0.8785989730064548,1.0,0.8234602603826144
2020-05-28,0.8686387340406412,1.0,0.8277599183224839
2020-05-29,0.8731742891965885,1.0,0.8392856533727506
2020-06-01,0.8853323742732133,1.0,0.8622613585756652
2020-06-02,0.9095686227497063,1.0,0.8807858760434727
2020-06-03,0.9291094727167386,1.0,0.8886180723348207
2020-06-04,0.9373713760514706,1.0,0.8962703269943241
2020-06-05,0.9454434654039052,1.0,0.9247579284990096
2020-06-08,0.9754940158644538,1.0,0.9162533187412943
2020-06-09,0.9665228076485054,1.0,0.8967343869922395
2020-06-10,0.9459329856740404,1.0,0.878825459317585
2020-06-12,0.9270414993306568,1.0,0.8748572728047981
2020-06-15,0.9228556015105206,1.0,0.8857958298985187
2020-06-16,0.9343942935922804,1.0,0.9048885840984675
2020-06-17,0.9545345561349886,1.0,0.910362597951429
2020-06-18,0.9603088972806658,1.0,0.9145959616058821
2020-06-19,0.9647745209694508,1.0,0.9028902849237705
2020-06-22,0.9524266219105285,1.0,0.9089420061210758
2020-06-23,0.9588103658414763,1.0,0.8938079678217116
2020-06-24,0.9428460109093098,1.0,0.9090177710186946
2020-06-25,0.958890287518233,1.0,0.8886654253958325
2020-06-26,0.9374213270994435,1.0,0.9066690591925104
2020-06-29,0.9564127155387729,1.0,0.9002385135071109
2020-06-30,0.9496293632240413,1.0,0.9111013057032128
2020-07-01,0.9610881336290444,1.0,0.9114043652936882
2020-07-02,0.9614078203360716,1.0,0.9164237897609366
2020-07-03,0.9667026314212083,1.0,0.936993959464453
2020-07-06,0.9884013666606737,1.0,0.9258565195144828
2020-07-07,0.9766528801774272,1.0,0.9448829794290151
2020-07-08,0.9967232112529733,1.0,0.9391059059855782
2020-07-09,0.9906291834002688,1.0,0.9473642798260322
2020-07-10,0.9993406461667577,1.0,0.9347210125358875
2020-07-13,0.9860037163579702,1.0,0.9512282896045932
2020-07-14,1.0034166516813532,1.0,0.9640230866899756
2020-07-15,1.0169134248436542,1.0,0.9522984687834594
2020-07-16,1.0045455453655427,1.0,0.9744123482759597
2020-07-17,1.0278726847689277,1.0,0.9889781498431826
2020-07-20,1.0432376271254182,1.0,0.9878795588277093
2020-07-21,1.042078762812445,1.0,0.9876901465836622
2020-07-22,1.041878958620553,1.0,0.9687773340155581
2020-07-23,1.0219285100601423,1.0,0.9696202185015677
2020-07-24,1.0228176387140613,1.0,0.9894611510655025
2020-07-27,1.0437471278147428,1.0,0.9859759657750357
2020-07-28,1.040070730683931,1.0,1.0001440016297596
2020-07-29,1.0550160842374485,1.0,0.9944995167571556
2020-07-30,1.0490619193190684,1.0,0.974639642968816
2020-07-31,1.028112449799198,1.0,0.9738630527682229
2020-08-03,1.027293252612441,1.0,0.958577484673621
2020-08-04,1.0111690543267609,1.0,0.9735978756265571
2020-08-05,1.0270135267437923,1.0,0.9861369661824759
2020-08-06,1.0402405642470394,1.0,0.9733516397092958
2020-08-07,1.0267537812943328,1.0,0.9796780086604694
2020-08-10,1.0334272413035241,1.0,0.9676503311634779
2020-08-11,1.0207396751183855,1.0,0.967119976880146
2020-08-12,1.020180223381088,1.0,0.9514271724608427
2020-08-13,1.0036264460828404,1.0,0.9598749585453439
2020-08-14,1.0125377130412212,1.0,0.9432256222936027
2020-08-17,0.9949749245739191,1.0,0.966618034433421
2020-08-18,1.0196507422725745,1.0,0.9551491230563683
2020-08-19,1.007552598453517,1.0,0.9609640789486147
2020-08-20,1.0136865871445997,1.0,0.9614660213953394
2020-08-21,1.0142160682531134,1.0,0.9688246870765698
2020-08-24,1.0219784611081155,1.0,0.9671199768801457
2020-08-25,1.020180223381088,1.0,0.9529992940864336
2020-08-26,1.0052848208755434,1.0,0.9529708822498265
2020-08-27,1.0052548502467595,1.0,0.9673567421852046
2020-08-28,1.0204299786209527,1.0,0.9410852639358703
2020-08-31,0.99271713720554,1.0,0.9675935074902635
2020-09-01,1.0206797338608178,1.0,0.9651595601542582
2020-09-02,1.0181122499950062,1.0,0.953889531633455
2020-09-03,1.0062239005774354,1.0,0.9588237205908824
2020-09-04,1.0114287997762208,1.0,0.9475347508456745
2020-09-08,0.9995204699394606,1.0,0.9592972512010001
2020-09-09,1.0119283102559506,1.0,0.9360279570198125
2020-09-10,0.9873823652820249,1.0,0.9315578280603006
2020-09-11,0.9826669863533749,1.0,0.9496656385912046
2020-09-14,1.001768267098245,1.0,0.9498834626718589
2020-09-15,1.001998041918921,1.0,0.9439927418819937
2020-09-16,0.9957841315510814,1.0,0.9479893402313878
2020-09-17,1.0000000000000016,1.0,0.9308664733695289
2020-09-18,0.9819377010529695,1.0,0.918564148118669
2020-09-21,0.9689604187895876,1.0,0.9214337436159827
2020-09-22,0.9719874522967505,1.0,0.9066690591925104
2020-09-23,0.9564127155387734,1.0,0.9187630309749184
2020-09-24,0.9691702131910741,1.0,0.9186399130162878
2020-09-25,0.9690403404663442,1.0,0.8965449747481923
2020-09-28,0.9457331814821487,1.0,0.8862598898964341
2020-09-29,0.9348838138624159,1.0,0.8959483261794439
2020-09-30,0.945103798277689,1.0,0.9042445824687073
2020-10-01,0.9538552218825561,1.0,0.8903890768166611
2020-10-02,0.9392395452456603,1.0,0.9100216559121441
2020-10-05,0.9599492497352604,1.0,0.9055325857282276
2020-10-06,0.9552138903874214,1.0,0.904689701242218
2020-10-07,0.9543247617335023,1.0,0.9273623468546572
2020-10-08,0.9782413235029682,1.0,0.9232236893222279
2020-10-09,0.9738756019101291,1.0,0.9328837137686307
2020-10-13,0.9840656156966184,1.0,0.9407537925087881
2020-10-14,0.9923674798697287,1.0,0.9381020210921285
2020-10-15,0.9895702211832416,1.0,0.9310464150013735
2020-10-19,0.9930832261694884,1.0,0.9488070563384429
2020-10-21,0.9932017560950308,1.0,0.9616966103896631
2020-10-22,1.006694412619275,1.0,0.955487732962355
2020-10-23,1.000195021702033,1.0,0.9531947888668597
2020-10-26,0.9977947907097992,1.0,0.9398806155386957
2020-10-27,0.9838576469647708,1.0,0.8999003516184755
2020-10-28,0.9420067057545051,1.0,0.9113462001280879
2020-10-29,0.9539881057280837,1.0,0.8865295623867192
2020-10-30,0.9280102970467056,1.0,0.9019573961156689
2020-11-03,0.9441599994018589,1.0,0.9229430243806134
2020-11-04,0.9661275456023855,1.0,0.9509018447713645
2020-11-05,0.9953945597175655,1.0,0.9511377443696665
2020-11-06,0.9956414970624456,1.0,0.9805213983341616
2020-11-09,1.026400012740701,1.0,0.9940903432284918
2020-11-10,1.0406038488182,1.0,0.9863622723881188
2020-11-11,1.0325141813999303,1.0,0.9641216582602077
2020-11-13,1.0561303853826232,1.0,0.9818151799662614
2020-11-16,1.075512447530165,1.0,0.9891859431795758
2020-11-17,1.0835866225332336,1.0,0.9823041041844162
2020-11-18,1.0760480311035852,1.0,0.982617753682855
2020-11-19,1.076391613018609,1.0,0.9905696909668061
2020-11-23,1.0851024250995167,1.0,1.0127742304592313
2020-11-24,1.109426003613142,1.0,1.0159753003403578
2020-11-25,1.112932560216477,1.0,1.016842448953689
2020-11-26,1.1138824631580144,1.0,1.0200527438200635
2020-11-27,1.1173991251117916,1.0,1.0044901937063448
2020-11-30,1.100351398916326,1.0,1.027063732608698
2020-12-01,1.1250791914476266,1.0,1.0314825005425874
2020-12-02,1.129919654309291,1.0,1.0416761092418518
2020-12-03,1.1410860665475775,1.0,1.048714772986231
2020-12-04,1.1487964489347382,1.0,1.0481889488270832
2020-12-07,1.1482204439595505,1.0,1.0476907996236802
2020-12-08,1.1476747550356885,1.0,1.0398587871479557
2020-12-09,1.1390953125105254,1.0,1.0607995036613769
2020-12-10,1.1620344580136117,1.0,1.063852973778532
2020-12-11,1.1653793290098766,1.0,1.0606426789121575
2020-12-14,1.1618626670560996,1.0,1.0714451366378033
2020-12-15,1.1736960324235506,1.0,1.0880593350698171
2020-12-16,1.1918957685693914,1.0,1.08999658197194
2020-12-17,1.1940178921621878,1.0,1.085587039023299
2020-12-18,1.1891875346509653,1.0,1.070245888555537
2020-12-21,1.1723823368661053,1.0,1.0733085836579404
2020-12-22,1.175737313212812,1.0,1.087229086397479
2020-12-23,1.1909862870296213,1.0,1.0982437187838336
2020-12-28,1.203052075457236,1.0,1.1021551125290716
2020-12-29,1.2073367440445966,1.0,1.1005960900221252
2020-12-30,1.2056289398199176,1.0,1.0936958010564692
2021-01-04,1.1980701376893852,1.0,1.0998304162465242
2021-01-05,1.2047901957332408,1.0,1.1056237069823958
2021-01-06,1.2111363558107464,1.0,1.1250423009298633
2021-01-07,1.2324081184909212,1.0,1.1538334798895054
2021-01-08,1.2639469172200544,1.0,1.1328927633760841
2021-01-11,1.241007771716968,1.0,1.1438797208066942
2021-01-12,1.253043244093257,1.0,1.1258171996907125
2021-01-13,1.2332569679280398,1.0,1.1391104034333732
2021-01-14,1.247818777914801,1.0,1.111629172378976
2021-01-15,1.2177149389484156,1.0,1.1184556614626464
2021-01-18,1.2251928982754132,1.0,1.1132066448564188
2021-01-19,1.2194429538739786,1.0,1.1043045340919029
2021-01-20,1.2096912906975565,1.0,1.092634927752926
2021-01-21,1.196908022388568,1.0,1.0809099715024597
2021-01-22,1.184064121976928,1.0,1.074378681946732
2021-01-26,1.1769095338640712,1.0,1.0690097405322778
2021-01-27,1.171028219906892,1.0,1.1006698899041112
2021-01-28,1.2057097826234524,1.0,1.0701628636883034
2021-01-29,1.172291388712128,1.0,1.0826903936553631
2021-02-01,1.186014454612212,1.0,1.0907069058360517
2021-02-02,1.194796004146213,1.0,1.1044613588411225
2021-02-03,1.2098630816550682,1.0,1.1001809656859562
2021-02-04,1.205174199050032,1.0,1.106306355890763
2021-02-05,1.2118841517434458,1.0,1.102533336924248
2021-02-08,1.2077510634127135,1.0,1.1017307632076543
2021-02-09,1.2068718979242694,1.0,1.0925150029446993
2021-02-10,1.1967766528328232,1.0,1.099941116069503
2021-02-11,1.2049114599385433,1.0,1.0988433428249669
2021-02-12,1.2037089232359586,1.0,1.110605199016426
2021-02-17,1.2165932450493662,1.0,1.099064742470924
2021-02-18,1.2039514516465641,1.0,1.0954485482536283
2021-02-19,1.1999901542733438,1.0,1.039360637944553
2021-02-22,1.1385496235866632,1.0,1.062967375194705
2021-02-23,1.1644092153674552,1.0,1.0670355936891627
2021-02-24,1.168865674912328,1.0,1.0355599440222936
2021-02-25,1.1343862192046055,1.0,1.0150712517860343
2021-02-26,1.1119422358731716,1.0,1.0178387473604953
2021-03-01,1.1149738410057382,1.0,1.0289548545845801
2021-03-02,1.1271507882882137,1.0,1.0256707598362198
2021-03-03,1.1235532835309014,1.0,1.0395635876200138
2021-03-04,1.1387719412963853,1.0,1.0627367505635001
2021-03-05,1.1641565816064083,1.0,1.0203940682742476
2021-03-08,1.1177730230781413,1.0,1.0270268326677057
2021-03-09,1.125038770045859,1.0,1.0403569363513592
2021-03-10,1.1396410014343874,1.0,1.0607257037793918
2021-03-11,1.1619536152100767,1.0,1.0531243159348724
2021-03-12,1.153626806445961,1.0,1.0594987807413807
2021-03-15,1.1606096036013056,1.0,1.0518235930148756
2021-03-16,1.1522019520336546,1.0,1.0751628056928297
2021-03-17,1.177768488651632,1.0,1.0593511809774097
2021-03-18,1.1604479179942355,1.0,1.0721462355166675
2021-03-19,1.1744640390571346,1.0,1.060679578853151
2021-03-22,1.1619030884578674,1.0,1.044840279181986
2021-03-23,1.1445522017491454,1.0,1.0337887468546387
2021-03-24,1.1324459919197631,1.0,1.0493420719831092
2021-03-25,1.1494836127647867,1.0,1.0588530317740066
2021-03-26,1.1599022290703735,1.0,1.0647385723623601
2021-03-29,1.166349442652298,1.0,1.0779395262525389
2021-03-30,1.18081019913464,1.0,1.075946929438927
2021-03-31,1.1786274434391923,1.0,1.0632072248111584
2021-04-01,1.1646719544789446,1.0,1.0841018163983385
2021-04-05,1.1875605732298213,1.0,1.0839265416786226
2021-04-06,1.1873685715714255,1.0,1.085079664834648
2021-04-07,1.1886317403766613,1.0,1.09143567967066
2021-04-08,1.1955943268311222,1.0,1.0855040141560652
2021-04-09,1.1890965864969882,1.0,1.0960389473095131
2021-04-12,1.2006368967016243,1.0,1.1005130651548918
2021-04-13,1.2055379916659403,1.0,1.1097196004325987
2021-04-14,1.2156231314069448,1.0,1.1134649444433693
2021-04-15,1.2197259036863517,1.0,1.1172748633508773
2021-04-16,1.2238994134188517,1.0,1.1156143660062008
2021-04-19,1.222080450339312,1.0,1.1075701788697676
2021-04-20,1.2132685847539855,1.0,1.1011957140632591
2021-04-22,1.2062857875986404,1.0,1.1118874719659266
2021-04-23,1.217997888760789,1.0,1.1124870960070599
2021-04-26,1.2186547365395117,1.0,1.1013525388124787
2021-04-27,1.2064575785561527,1.0,1.1167121392507369
2021-04-28,1.2232829870418966,1.0,1.1076070788107604
2021-04-29,1.2133090061557528,1.0,1.0967953960998662
2021-04-30,1.2014655354378598,1.0,1.0997012664530503
2021-05-03,1.2046487208270547,1.0,1.0858914635364902
2021-05-04,1.1895210112155479,1.0,1.1029761362161625
2021-05-05,1.2082361202339251,1.0,1.106269455949771
2021-05-06,1.2118437303416791,1.0,1.1257987497202169
2021-05-07,1.2332367572271563,1.0,1.1246087266231988
2021-05-10,1.2319331670201528,1.0,1.134341086060053
2021-05-11,1.2425943117363447,1.0,1.1043229840623998
2021-05-12,1.2097115013984403,1.0,1.1135110693696102
2021-05-13,1.2197764304385612,1.0,1.124350427036249
2021-05-14,1.23165021720778,1.0,1.1341012364435998
2021-05-17,1.2423315726248556,1.0,1.1344886858240244
2021-05-18,1.2427559973434148,1.0,1.1313152908986426
2021-05-19,1.2392797567914053,1.0,1.1319149149397756
2021-05-20,1.239936604570128,1.0,1.1309093915477215
2021-05-21,1.2388351213719622,1.0,1.1441933703051341
2021-05-24,1.2533868260082814,1.0,1.1345624857060101
2021-05-25,1.24283684014695,1.0,1.1437966959394614
2021-05-26,1.25295229593928,1.0,1.1472837403632823
2021-05-27,1.2567721184063139,1.0,1.1582983727496368
2021-05-28,1.2688379068339284,1.0,1.1643407380872097
2021-05-31,1.2754569113733651,1.0,1.1832611828312745
2021-06-01,1.296182985129678,1.0,1.1955673131523774
2021-06-02,1.3096635226191566,1.0,1.200410430407684
2021-06-04,1.3149688316011479,1.0,1.206406670819016
2021-06-07,1.3215373093883753,1.0,1.197283160408543
2021-06-08,1.311543117801348,1.0,1.1983901586383274
2021-06-09,1.3127557598543746,1.0,1.1999491811452738
2021-06-10,1.3144635640790538,1.0,1.194091315512665
2021-06-11,1.3080466665484547,1.0,1.2011668791980368
2021-06-14,1.315797470337383,1.0,1.200087555923997
2021-06-15,1.314615144335682,1.0,1.1924123681974919
2021-06-16,1.306207492768031,1.0,1.1813239359291516
2021-06-17,1.2940608615368814,1.0,1.1845342307955262
2021-06-18,1.2975775234906584,1.0,1.192467718108981
2021-06-21,1.3062681248706822,1.0,1.1878736754553758
2021-06-22,1.3012356603506219,1.0,1.1847464054562349
2021-06-23,1.2978099465508217,1.0,1.1947647394357837
2021-06-24,1.3087843571307125,1.0,1.173934722745341
2021-06-25,1.2859664758329288,1.0,1.17553064519328
2021-06-28,1.2877147014593755,1.0,1.1745896966979634
2021-06-29,1.286683955714303,1.0,1.1697465794426567
2021-06-30,1.2813786467323118,1.0,1.1592669962006978
2021-07-01,1.2698989686303266,1.0,1.1773110673461833
2021-07-02,1.2896650340946603,1.0,1.1708351277019446
2021-07-05,1.2825710780844546,1.0,1.1539995296239738
2021-07-06,1.2641288135280084,1.0,1.1717484012415167
2021-07-07,1.2835715077782015,1.0,1.1570714497116255
2021-07-08,1.2674938952251573,0.9995,1.1770527677592335
2021-07-12,1.2893820842822874,1.0039963948148034,1.1823479092917022
2021-07-13,1.2951825554359313,1.0058685870808974,1.184552680766023
2021-07-14,1.2975977341915428,0.9985129865040677,1.17589041961796
2021-07-15,1.2881088101266096,0.9867001583146545,1.1619791418636698
2021-07-16,1.2728699416602423,0.9744408240199385,1.1475420399502319
2021-07-19,1.2570550682186872,0.9823212651065099,1.1568223751099243
2021-07-20,1.2672210507632267,0.9864573216608933,1.1616931673209754
2021-07-21,1.2725566757965436,0.9881650116776652,1.1637042141050837
2021-07-22,1.2747596421928753,0.9795952278320299,1.1536120802435494
2021-07-23,1.2637043888094495,0.9870448296941864,1.1623850412145906
2021-07-26,1.2733145770796852,0.9761406805962665,1.1495438617490918
2021-07-27,1.2592479292645768,0.9892538598993684,1.1649864870545839
2021-07-28,1.2761642859042976,0.9844676277881407,1.1593500210679317
2021-07-29,1.2699899167843038,0.9541208795084409,1.1236124282163926
2021-07-30,1.2308417891724288,0.9597217894258352,1.130208292668858
2021-08-02,1.2380671147383786,0.9680330697368217,1.1399960020172015
2021-08-03,1.248788891557222,0.9541208795084409,1.1236124282163926
2021-08-04,1.2308417891724286,0.9528048615138645,1.1220626306946946
2021-08-05,1.2291440902981914,0.9620248209163442,1.1329204383318296
2021-08-06,1.2410380877682938,0.9636620099691211,1.1348484602487041
2021-08-09,1.2431501060106485,0.9572620891264483,1.1273116473009221
2021-08-10,1.2348940346996258,0.9561184068216376,1.1259647994546844
2021-08-11,1.23341865353511,0.9455040950201423,1.113464944443369
2021-08-12,1.2197259036863515,0.949365981158989,1.1180128621707333
2021-08-13,1.2247078414542023,0.9335894321049582,1.099433741880852
2021-08-16,1.2043556656642393,0.9235939620985316,1.0876626607041449
2021-08-17,1.19146123850039,0.9137159936987637,1.0760299543061607
2021-08-18,1.178718391593169,0.9178050496104837,1.0808453966057228
2021-08-19,1.1839933845238348,0.9247611447246741,1.0890371835061272
2021-08-20,1.1929669357162318,0.9202099158267635,1.0836774670769211
2021-08-23,1.1870957271094946,0.9416657092026275,1.1089447016717495
2021-08-24,1.2147742819698264,0.9464206075520796,1.1145442677174087
2021-08-25,1.2209082296880522,0.9300173832625362,1.0952271486076712
2021-08-26,1.1997476258627382,0.9453239258899324,1.11325276978266
2021-08-27,1.2194934806261877,0.9379761587535467,1.1045997336198454
2021-08-30,1.2100146619116967,0.9304638893678389,1.0957529727668185
2021-08-31,1.2003236308379257,0.9352814552408424,1.1014263386944634
2021-09-01,1.2065384213596873,0.9139823306738565,1.076343603804599
2021-09-02,1.179061973508193,0.9159876914274969,1.078705200028139
2021-09-03,1.1816489432213164,0.9233197916829948,1.087339786220457
2021-09-06,1.1911075512349238,0.8884139810649406,1.0462332519544637
2021-09-08,1.1460781096658696,0.9036735230496734,1.0642035232179634
2021-09-09,1.1657633323266678,0.8952525745724723,1.054286664076145
2021-09-10,1.154900080601638,0.9118438014326695,1.0738251828318393
2021-09-13,1.1763032128375575,0.910096944213678,1.07176801112149
2021-09-14,1.1740497196890163,0.9013391577973888,1.061454477613999
2021-09-15,1.162751937894985,0.8913985218740695,1.0497479713340292
2021-09-16,1.1499282481842288,0.8729507696286661,1.0280231310745107
2021-09-17,1.126130147893582,0.8526229916767248,1.0040842943554236
2021-09-20,1.0999067634968818,0.8636368089408595,1.0170546236143971
2021-09-21,1.1141148862181767,0.8795543599228806,1.035799793638746
2021-09-22,1.1346489583160937,0.8935135507939247,1.052238717351044
2021-09-23,1.1526566928035387,0.8873956338072325,1.0450340038721972
2021-09-24,1.1447644141084239,0.889745665940405,1.0478014994466582
2021-09-27,1.1477960192409904,0.8626497954449271,1.0158922754731234
2021-09-28,1.112841612062499,0.8703500674012886,1.024960435972107
2021-09-29,1.122775171546875,0.8693473870244685,1.023779637860337
2021-09-30,1.1214816866903132,0.8843954261172159,1.0415008345221353
2021-10-01,1.1408940648891805,0.8647569909243384,1.01837379650489
2021-10-04,1.1155599513313668,0.8652661645531924,1.018973420546023
2021-10-05,1.1162167991100895,0.866065175478471,1.0199143690413397
2021-10-06,1.117247544855162,0.8662610114895686,1.0201449936725446
2021-10-07,1.1175001786162093,0.8838705856074738,1.0408827605105053
2021-10-08,1.1402170064095738,0.8787553489976019,1.0348588451434286
2021-10-11,1.1336182125710208,0.8887508190040284,1.0466299263201357
2021-10-13,1.1465126397348704,0.8866279566437294,1.0441299553178727
2021-10-14,1.1437740897651185,0.8980882800131669,1.057626108735994
2021-10-15,1.158558217461601,0.8963649231155071,1.0555966119813893
2021-10-18,1.1563350403643855,0.8669503542486324,1.0209567923743865
2021-10-19,1.1183894494550952,0.867835533018794,1.0219992157074336
2021-10-20,1.1195313540550285,0.8439357062244306,0.9938537857151658
2021-10-21,1.0886999298568276,0.8326633854256469,0.9805790319430014
2021-10-22,1.0741583305709503,0.8516124778594604,1.0028942712584048
2021-10-25,1.0986031732898778,0.8336347320406915,0.9817229301137786
2021-10-26,1.0754113940257444,0.8331882259353888,0.981197105954631
2021-10-27,1.0748353890505569,0.8280338221232973,0.9751270656613135
2021-10-28,1.0681860684597944,0.8107689193849241,0.9547951981742737
2021-10-29,1.0459138760858726,0.8268274722949356,0.9737064179330902
2021-11-01,1.0666298444917435,0.8273444793642336,0.9743152669594717
2021-11-03,1.0672967976209082,0.8100717431854164,0.9539741744871837
2021-11-04,1.0450144998965447,0.8211325610922146,0.9669998536576466
2021-11-05,1.059283254720491,0.8207957231531264,0.9666031792919738
2021-11-08,1.0588487246514897,0.8267021372478331,0.973558818169119
2021-11-09,1.0664681588846736,0.8300940169600453,0.9775532367815909
2021-11-10,1.070843775626011,0.8438573718199917,0.9937615358626838
2021-11-11,1.0885988763524088,0.8327887204727495,0.9807266317069727
2021-11-12,1.0743200161780204,0.8186571939119395,0.9640847583192143
2021-11-16,1.056089963980854,0.8064135264981113,0.9496661063762728
2021-11-17,1.0402953012401828,0.8031156480712259,0.9457823875867792
2021-11-18,1.036040948704148,0.8071185361380631,0.9504963550486112
2021-11-19,1.041204782779953,0.7999666050127751,0.9420739435170017
2021-11-22,1.031978597826509,0.8120379367368374,0.9562896457844828
2021-11-23,1.047550942857459,0.8187041945546031,0.9641401082307036
2021-11-24,1.0561505960835058,0.8288641668103518,0.9761049140976231
2021-11-25,1.0692572356066348,0.8007656159380537,0.9430148920123185
2021-11-26,1.0330093435715817,0.8053873457999595,0.9484576333087584
2021-11-29,1.038971500332296,0.7983450828408862,0.9401643715706238
2021-11-30,1.0298867902850384,0.7894149607348311,0.9296478883876723
2021-12-01,1.0183666907812858,0.8183281894132955,0.9636973089387901
2021-12-02,1.0556655392622953,0.823059587441416,0.9692692000287049
2021-12-03,1.0617691709291956,0.8370736123955675,0.9857726986377404
2021-12-06,1.079847642869734,0.8425491872658593,0.9922209633262344
2021-12-07,1.0869112828286138,0.8467635782246818,0.9971840053897678
2021-12-08,1.0923479613663498,0.8326242182234278,0.9805329070167611
2021-12-09,1.0741078038187417,0.8441158753546409,0.9940659603758751
2021-12-10,1.0889323529169916,0.8411783351881754,0.990606590907799
2021-12-13,1.0851428465012836,0.8362981017916207,0.9848594250981685
2021-12-14,1.078847213175987,0.8410765004624046,0.9904866660995724
2021-12-15,1.085011476945539,0.8476722573161752,0.9982541036785595
2021-12-16,1.093520182017609,0.8397526490273842,0.9889276435926261
2021-12-17,1.0833036727208598,0.8226679154192208,0.968807950766295
2021-12-20,1.0612639034071016,0.8264279668322967,0.9732359436854325
2021-12-21,1.066114471619208,0.8244226060786563,0.9708743474618925
2021-12-22,1.0635275019060846,0.8216574016019568,0.9676179276692768
2021-12-23,1.0599603132000983,0.8266708034860579,0.9735219182281268
2021-12-27,1.0664277374829065,0.8214458987099713,0.9673688530675754
2021-12-28,1.0596874687381672,0.8155159842939329,0.9603855392346856
2021-12-29,1.0520377184536578,0.8211168942113273,0.9669814036871509
2021-12-30,1.059263044019608,0.8140667978118101,0.9586789169637682
2022-01-03,1.0501682286219087,0.8108707541106956,0.9549151229825013
2022-01-04,1.0460452456416183,0.7912244854773742,0.9317788599800078
2022-01-05,1.0207010267333625,0.7955720449237432,0.9368987267927606
2022-01-06,1.0263094962286106,0.8046431689577888,0.94758125971018
2022-01-07,1.0380114920403174,0.7985800860542039,0.9404411211280708
2022-01-10,1.030189950798296,0.8129466158283312,0.9573597440732753
2022-01-11,1.0487231635087186,0.8278849867548637,0.9749517909415986
2022-01-12,1.0679940668013994,0.826662970045614,0.9735126932428788
2022-01-13,1.066417632132465,0.8376141197861974,0.9864092226198669
2022-01-14,1.0805449120502248,0.835765427841435,0.9842321261012908
2022-01-17,1.0781600493459391,0.8344337429659707,0.9826638786090963
2022-01-18,1.076442139770818,0.8461134026678375,0.9964183316141672
2022-01-19,1.0915092172796732,0.8546440193112533,1.0064643405494604
2022-01-20,1.1025139439108897,0.853390668840228,1.004988342909748
2022-01-21,1.1008970878401876,0.8440688747119774,0.9940106104643862
2022-01-24,1.0888717208143406,0.8604642655610768,1.0133185045888753
2022-01-25,1.1100222192892126,0.8740004506481499,1.0292592790977704
2022-01-26,1.1274842648527954,0.8798128634575296,1.036104218151937
2022-01-27,1.1349824348806763,0.8732562738059786,1.028382905499191
2022-01-28,1.126524256560816,0.8803847046099349,1.0367776420750558
2022-01-31,1.135720125462934,0.886330285906861,1.043779405878442
2022-02-01,1.1433900864483273,0.8786065136291676,1.0346835704237136
2022-02-02,1.1334262109126254,0.8749639638227504,1.0303939522832992
2022-02-03,1.1287272229571472,0.8792645226264558,1.0354584691845627
2022-02-04,1.1342750603497438,0.8773139959559227,1.0331614478577602
2022-02-07,1.1317588280897137,0.8791783547815729,1.0353569943468326
2022-02-08,1.1341639014948832,0.88095654576234,1.0374510659981746
2022-02-09,1.1364578160451917,0.8879909752809693,1.0457351027510609
2022-02-10,1.1455324207420072,0.8896594980955217,1.047700024608928
2022-02-11,1.1476848603861294,0.8915003565998401,1.0498678961422558
2022-02-14,1.1500596177399731,0.8981822812984936,1.0577368085589731
2022-02-15,1.1586794816669037,0.9022635037697697,1.062543025873287
2022-02-16,1.1639443692471276,0.8893148267159897,1.0472941252580072
2022-02-17,1.1472402249666864,0.8833614119786196,1.0402831364693728
2022-02-18,1.1395601586308512,0.8751911335956236,1.030661476855497
2022-02-21,1.1290202781199619,0.8843327585936642,1.04142703464015
2022-02-22,1.1408132220856453,0.8774079972412495,1.0332721476807383
2022-02-23,1.131880092295016,0.8741492860165838,1.0294345538174858
2022-02-24,1.1276762665111906,0.8862911187046412,1.0437332809522006
2022-02-25,1.1433395596961171,0.9022086696866624,1.0624784509765495
2022-03-02,1.1638736317940341,0.9021460021631111,1.062404651094564
2022-03-03,1.163792788990499,0.8967252613759268,1.0560209613028073
2022-03-04,1.1567998864847124,0.8741571194570278,1.0294437788027342
2022-03-07,1.1276863718616326,0.8711020776839037,1.025846034555935
2022-03-08,1.1237452851892962,0.8922288665611237,1.050725819770339
2022-03-09,1.1509994153310688,0.8903723411759175,1.048539498266515
2022-03-10,1.1486044472763413,0.8750971323102968,1.0305507770325188
2022-03-11,1.128899013914659,0.861114441117921,1.0140841783644763
2022-03-14,1.1108609633758888,0.8535238373277741,1.0051451676589676
2022-03-15,1.101068878797699,0.8703892346035081,1.025006560898349
2022-03-16,1.1228256982990843,0.8857741116353434,1.04312443192582
2022-03-17,1.1426726065669526,0.9032818510274778,1.063742273955554
2022-03-18,1.165258064804573,0.9098932747621362,1.0715281615050374
2022-03-21,1.1737869805775267,0.9186432277379816,1.0818324700272803
2022-03-22,1.185074657021116,0.9200924142201046,1.083539092298198
2022-03-23,1.1869441468528654,0.9325945851685817,1.0982621687543301
2022-03-24,1.203072286158119,0.9328139215010112,1.09852046834128
2022-03-25,1.2033552359704918,0.9301270514287507,1.0953562984011462
2022-03-28,1.1998891007689243,0.9401225214351774,1.1071273795778536
2022-03-29,1.2127835279327737,0.9420495477843788,1.1093967259489115
2022-03-30,1.2152694441414782,0.9400050198285188,1.1069890047991304
2022-03-31,1.2126319476761456,0.9523113547658985,1.1214814566240576
2022-04-01,1.2285074532203522,0.9500396570371651,1.1188062109020787
2022-04-04,1.2255769015922044,0.9312785671740054,1.096712371232632
2022-04-05,1.2013745872838821,0.9261319968023578,1.0906515559245626
2022-04-06,1.1947353720435616,0.9310983980437955,1.0965001965719234
2022-04-07,1.2011421642237188,0.926868340204085,1.0915187045378938
2022-04-08,1.1956852749850992,0.9161443602363749,1.0788896997331037
2022-04-11,1.1818510502301542,0.909830607238585,1.0714543616230519
2022-04-12,1.1737061377739924,0.9148048419204666,1.0773122272556608
2022-04-13,1.1801230353045915,0.9101047776541218,1.0717772361067388
2022-04-14,1.1740598250394585,0.9062272246343873,1.0672108684088781
2022-04-18,1.169057676570724,0.9012921571547253,1.06139912770251
2022-04-19,1.1626913057923343,0.8957069141182189,1.0548217132205413
2022-04-20,1.155486190927268,0.8701228976284153,1.0246929113999097
2022-04-22,1.1224821163840608,0.8670443555339594,1.021067492197366
2022-04-25,1.1185107136603987,0.8476800907566188,0.9982633286638077
2022-04-26,1.093530287368051,0.8565788791008982,1.0087429119057665
2022-04-27,1.105009965470036,0.8610439401539258,1.0140011534972422
2022-04-28,1.1107700152219124,0.8450402213270217,0.9951545086351631
2022-04-29,1.0901247842691346,0.8353502554979075,0.9837432018831358
2022-05-02,1.077624465772519,0.8344807436086338,0.9827192285205852
2022-05-03,1.0765027718734694,0.8487062714547706,0.9994718017313221
2022-05-04,1.0948540882759386,0.8248926125052902,0.9714278465767845
2022-05-05,1.0641338229325983,0.8235687610702698,0.9698688240698382
2022-05-06,1.062426018707919,0.8088027258335032,0.9524797268769752
2022-05-09,1.04337743312496,0.807706044171356,0.9511882289422268
2022-05-10,1.0419626840630956,0.8177876820226657,0.9630607849566643
2022-05-11,1.0549682700818055,0.827900653635751,0.9749702409120946
2022-05-12,1.0680142775022834,0.8375827860244214,0.9863723226788738
2022-05-13,1.080504490648457,0.847836759565497,0.9984478283687718
2022-05-16,1.0937323943768889,0.8521921524523097,1.0035769201667726
2022-05-17,1.0993509692225787,0.8322795468438955,0.9801270076658402
2022-05-18,1.0736631683992988,0.8382172947003779,0.9871195464839781
2022-05-19,1.0813230240342502,0.8498342868786934,1.0008001996070635
2022-05-20,1.0963092587395704,0.8643888192234745,1.017940222198225
2022-05-23,1.1150849998605987,0.866229677727793,1.0201080937315528
2022-05-24,1.1174597572144425,0.866221844287349,1.0200988687463046
2022-05-25,1.1174496518640007,0.8764836512688685,1.0321835994214505
2022-05-26,1.1306876609428742,0.8768909901719518,1.0326632986543571
2022-05-27,1.1312131391658524,0.8697625593679955,1.0242685620784924
2022-05-30,1.122017270263734,0.8722614268696021,1.027211332372669
2022-05-31,1.1252408770546964,0.8723319278335974,1.027294357239903
2022-06-01,1.1253318252086735,0.8804238718121543,1.0368237670012967
2022-06-02,1.135770652215144,0.8703109001990691,1.0249143110458665
2022-06-03,1.1227246447946664,0.8631354687524494,1.0164642245585125
2022-06-06,1.1134681437898968,0.862226789660956,1.0153941262697208
2022-06-07,1.1122959231386378,0.8488942740254245,0.999693201377279
2022-06-08,1.095096616686544,0.8389144708998857,0.9879405701710683
2022-06-09,1.0822224002235785,0.826279131463862,0.9730606689657166
2022-06-10,1.0659224699608127,0.8036953226640752,0.9464650364951469
2022-06-13,1.0367887446368487,0.7995044320265844,0.9415296693873583
2022-06-14,1.0313823821504384,0.8053325117168519,0.9483930584120215
2022-06-15,1.0389007628792033,0.7819731923131182,0.9208841524018797
2022-06-17,1.0087666078614925,0.7821925286455477,0.9211424519888294
2022-06-20,1.0090495576738654,0.7808765106509711,0.9195926544671312
2022-06-21,1.0073518587996282,0.7795996598586141,0.9180889818716741
2022-06-22,1.0057046866776005,0.7683038387384987,0.9047865531437651
2022-06-23,0.9911327713403977,0.7729412354812923,0.9102477444107014
2022-06-24,0.9971151388019954,0.789328792889948,0.9295464135499424
2022-06-27,1.0182555319264255,0.787973607693152,0.9279504911020033
2022-06-28,1.016507306299979,0.7803830039030051,0.9190114803964944
2022-06-29,1.0067152217217892,0.7719228882235843,0.909048496328435
2022-06-30,0.9958014432445499,0.7751502656864744,0.9128491902506946
2022-07-01,0.9999648476266076,0.7724477287333261,0.9096665703400645
2022-07-04,0.9964785017241562,0.769988028433939,0.9067699249721287
2022-07-05,0.9933054216854033,0.773309407182156,0.9106813187173669
2022-07-06,0.9975900902727639,0.7890624559148551,0.9292327640515036
2022-07-07,1.0179119500114013,0.7856079086790917,0.925164545557046
2022-07-08,1.0134554904665285,0.7693378528770947,0.9060042511965279
2022-07-11,0.9924666775987266,0.7698000258632852,0.9065485253261719
2022-07-12,0.993062893274798,0.7667449840901611,0.9029507810793728
2022-07-13,0.9891218066024617,0.752958128908883,0.8867148070425352
2022-07-14,0.9713363898247384,0.7563265082997636,0.8906815506992627
2022-07-15,0.9756816905147504,0.7591857140617899,0.8940486703148568
2022-07-18,0.9793701434260396,0.7695963564117437,0.9063086757097188
2022-07-19,0.9928001541633091,0.7699253609103878,0.9066961250901433
2022-07-20,0.9932245788818684,0.7757691074815432,0.9135779640853028
2022-07-21,1.000763170311517,0.7749230959136011,0.9125816656784969
2022-07-22,0.9996717924637931,0.7854590733106573,0.9249892708373301
2022-07-25,1.0132634888081327,0.7815580199695912,0.9203952281837249
2022-07-26,1.0082310242880723,0.7946085317491419,0.9357640536072314
2022-07-27,1.0250665381242583,0.8036874892236313,0.9464558115098988
2022-07-28,1.0367786392864067,0.8081368833957712,0.9516956031308782
2022-07-29,1.042518478337399,0.8007734493784976,0.9430241169975673
2022-08-01,1.0330194489220244,0.809680071163221,0.9535129252247743
2022-08-02,1.0445092323744511,0.8129152820665552,0.9573228441322823
2022-08-03,1.0486827421069511,0.8294986754863084,0.9768521379027283
2022-08-04,1.0700757689924285,0.8340420709437751,0.9822026293466861
2022-08-05,1.0759368722487237,0.8491606110005177,1.0000068508757183
2022-08-08,1.095440198601568,0.8511111376710506,1.0023038722025208
2022-08-09,1.097956430861598,0.8635271407746449,1.0169254738209228
2022-08-10,1.113973411311991,0.8594694186247005,1.0121469314623535
2022-08-11,1.1087388397830928,0.8833300782168444,1.0402462365283802
2022-08-12,1.1395197372290844,0.8854294402558117,1.0427185325748987
2022-08-15,1.1422279711475103,0.8891894916688876,1.0471465254940362
2022-08-16,1.1470785393596168,0.8907248459958936,1.048954622602684
2022-08-17,1.1490591880462269,0.8915473572425039,1.0499232460537453
2022-08-18,1.1501202498426253,0.8733972757339691,1.0285489552336586
2022-08-19,1.1267061528687703,0.8656030024922806,1.0193700949116964
2022-08-22,1.1166513291790914,0.8840585881781279,1.041104160156463
2022-08-23,1.14045953482018,0.8843797592363281,1.0414823845516392
2022-08-24,1.1408738541882972,0.8893461604777658,1.047331025199
2022-08-25,1.1472806463684544,0.8796875284104273,1.0359566183879656
2022-08-26,1.1348207492736064,0.8798755309810811,1.0361780180339224
2022-08-29,1.1350632776842116,0.865054661661207,1.018724345944322
2022-08-30,1.115943954648159,0.8579418977381386,1.0103480593389536
2022-08-31,1.1067682964469245,0.8648509922096654,1.0184844963278687
2022-09-01,1.11568121553667,0.8684465413734193,1.0227187645567941
2022-09-02,1.120319571389497,0.8789355181278121,1.0350710198041382
2022-09-05,1.1338506356311853,0.8598297568851205,1.0125712807837708
2022-09-06,1.1092036859034198,0.8610204398325946,1.0139734785414978
2022-09-08,1.110739699170587,0.8796953618508713,1.0359658433732142
2022-09-09,1.1348308546240484,0.8883669804222775,1.0461779020429751
2022-09-12,1.1460174775632188,0.8678982005423458,1.0220730155894202
2022-09-13,1.1196121968585646,0.8659633407527005,1.0197944442331142
2022-09-14,1.117116175299418,0.8613181105694631,1.0143240279809298
2022-09-15,1.1111237024873786,0.856038371710269,1.008106387923641
2022-09-16,1.1043126962895458,0.875966644199571,1.0315747503950699
2022-09-19,1.1300207078137094,0.8813952184271994,1.0379676651720748
2022-09-20,1.137023715669938,0.8768439895292888,1.0326079487428688
2022-09-21,1.1311525070632011,0.8935605514365885,1.0522940672625343
2022-09-22,1.1527173249061904,0.875120632631629,1.030578451988264
2022-09-23,1.1289293299659855,0.8547380205965803,1.0065750403724394
2022-09-26,1.1026352081161923,0.8489569415489763,0.9997670012592655
2022-09-27,1.0951774594900787,0.8495444495822693,1.0004588751528807
2022-09-28,1.0959353607732203,0.8433795319529136,0.9931988117625448
2022-09-29,1.0879824499754542,0.8619682861263073,1.0150897017565308
2022-09-30,1.1119624465740547,0.9097287725128145,1.0713344368148254
2022-10-03,1.1735747682182474,0.9104807827954295,1.0722200353986528
2022-10-04,1.1745448818606685,0.9180635531451325,1.0811498211189134
2022-10-05,1.1843268610884163,0.9209070920262712,1.0844984907640112
2022-10-06,1.1879951032988219,0.9116166316597962,1.0735576582596422
2022-10-07,1.1760101576747424,0.9082169185071401,1.069554014661922
2022-10-10,1.1716244355829628,0.8994904658526266,1.0592773810954237
2022-10-11,1.1603670751906996,0.895362242738687,1.0544158138696207
2022-10-13,1.1550415555078244,0.8779093374296599,1.033862546736624
2022-10-14,1.1325268347232975,0.8900668369986052,1.0481797238418353
2022-10-17,1.1482103386091083,0.9066658972992463,1.0677274675827777
2022-10-18,1.1696235761954692,0.9108254541749614,1.0726259347495735
2022-10-19,1.174989517280112,0.9178520502531469,1.0809007465172116
2022-10-20,1.1840540166264855,0.9394566789974451,1.1063432558317559
2022-10-21,1.2119245731452133,0.9087809262191012,1.0702182135997922
2022-10-24,1.172352020814779,0.8979159443234008,1.0574231590605345
2022-10-25,1.1583358997518802,0.8833300782168442,1.0402462365283802
2022-10-26,1.1395197372290844,0.8980334459300596,1.0575615338392577
2022-10-27,1.1584874800085088,0.8972344350047811,1.056620585343941
2022-10-28,1.157456734263436,0.9089689287897552,1.0704396132457492
2022-10-31,1.1725945492253844,0.9159563576657211,1.0786683000871464
2022-11-01,1.181608521819549,0.9156978541310722,1.0783638755739557
2022-11-03,1.1812750452549665,0.9255601556499523,1.0899781320014434
2022-11-04,1.1939976814613036,0.9035246876812391,1.064028248498248
2022-11-07,1.165571330668272,0.9099324419643559,1.071574286431278
2022-11-08,1.1738375073297367,0.8897221656190731,1.0477738244909138
2022-11-09,1.147765703189665,0.8599159247300031,1.012672755621501
2022-11-10,1.1093148447582803,0.8793271901500072,1.0355322690665483
2022-11-11,1.134355903153279,0.8864399540730755,1.0439085556719165
2022-11-14,1.1435315613545136,0.8635819748577519,1.0169900487176597
2022-11-16,1.1140441487650836,0.8593519170180416,1.01200855668363
2022-11-17,1.1085872595264639,0.8529049955327053,1.0044163938243589
2022-11-18,1.10027055611279,0.8597044218380174,1.0124236810197993
2022-11-21,1.109042000296349,0.8541348456823988,1.0058647165083268
2022-11-22,1.1018570961321665,0.8513618077652554,1.0025990717304627
2022-11-23,1.098279802075738,0.8760214782826777,1.0316393252918061
2022-11-24,1.1300914452668018,0.8536648392557642,1.0053112173934344
2022-11-25,1.1012507751056528,0.8521373183692021,1.0035123452700347
2022-11-28,1.0992802317694845,0.8688068796338384,1.023143113878211
2022-11-29,1.1207844175098227,0.8811523817734375,1.0376816906293793
2022-11-30,1.1367104498062386,0.868932214680941,1.0232907136421823
2022-12-01,1.120946103116893,0.8767499882439611,1.032497248919889
2022-12-02,1.1310312428578975,0.8569862180039812,1.0092226111386724
2022-12-05,1.1055354436930136,0.858020232142577,1.0104403091914351
2022-12-06,1.106869349951343,0.8566728803862249,1.008853611728744
2022-12-07,1.1051312296753382,0.8400973204069155,0.9893335429435463
2022-12-08,1.0837483081403025,0.8435753679640107,0.9934294363937485
2022-12-09,1.0882350837365011,0.8245792748875337,0.9710588471668559
2022-12-12,1.063729608914922,0.8138317945984919,0.9584021674063211
2022-12-13,1.0498650681086512,0.813134618398984,0.9575811437192311
2022-12-14,1.0489656919193233,0.81262544477013,0.9569815196780979
2022-12-15,1.0483088441406005,0.805473513644842,0.9485591081464884
2022-12-16,1.0390826591871567,0.8188295296017052,0.9642877079946748
2022-12-19,1.0563122816905761,0.8380136252488359,0.9868796968675243
2022-12-20,1.0810602849227604,0.8406299943571013,0.9899608419404242
2022-12-21,1.0844354719703513,0.840661328118877,0.989997741881417
2022-12-22,1.0844758933721188,0.859312749815822,1.0119624317573888
2022-12-23,1.1085367327742546,0.8517926469896703,1.0031064459191137
2022-12-26,1.098835596350042,0.8487297717761022,0.9994994766870663
2022-12-27,1.0948844043272636,0.8635349742150883,1.0169346988061703
2022-12-28,1.1139835166624323,0.8619212854836432,1.0150343518450404
2022-12-29,1.1119018144714035,0.8332900606611594,0.9813170307628579
2023-01-02,1.0749667586063019,0.8159781572801227,0.9609298133643289
2023-01-03,1.0526339341297288,0.8251276157186072,0.9717045961342301
2023-01-04,1.064436983445854,0.8422358496481022,0.9918519639163057
2023-01-05,1.086507068810938,0.8525603241531728,1.0040104944734374
2023-01-06,1.0998259206933463,0.8556231993667409,1.0076174637054849
2023-01-09,1.1037771127161247,0.8688225465147259,1.0231615638487073
2023-01-10,1.1208046282107063,0.8754888043324915,1.031012026294928
2023-01-11,1.1294042814367533,0.876381816543097,1.0320636746132232
2023-01-12,1.1305562913871283,0.8688538802765013,1.0231984637897
2023-01-13,1.120845049612474,0.8555135312005261,1.00748831391201
2023-01-16,1.1036356378099383,0.8729507696286652,1.0280231310745103
2023-01-17,1.1261301478935815,0.880886044798344,1.03736804113094
2023-01-18,1.136366867891214,0.885225770804269,1.0424786829584447
2023-01-19,1.14196523203602,0.8797031952913139,1.0359750683584614
2023-01-20,1.134840959974489,0.8750657985485203,1.0305138770915252
2023-01-23,1.1288585925128911,0.8853981064940349,1.0426816326339052
2023-01-24,1.1421875497457419,0.8945397314920756,1.0534471904185583
2023-01-25,1.1539804937114253,0.8938660556138994,1.0526538416872129
2023-01-26,1.153111433573423,0.8812777168205392,1.0378292903933504
2023-01-27,1.1368721354133084,0.8764679843879797,1.0321651494509536
2023-01-30,1.1306674502419891,0.8893461604777645,1.0473310251989996
2023-01-31,1.1472806463684535,0.8797188621722015,1.035993518328958
2023-02-01,1.1348611706753728,0.8611692752010273,1.0141487532612128
2023-02-02,1.1109317008289814,0.8498499537595802,1.0008186495775593
2023-02-03,1.0963294694404528,0.8495836167844872,1.0005050000791205
2023-02-06,1.0959858875254287,0.8453848927065525,0.9955604079860836
2023-02-07,1.0905694196885765,0.8607541028575001,1.0136598290430583
2023-02-08,1.1103961172555612,0.8443117113657372,0.9942965850070798
2023-02-09,1.0891849866780379,0.8471865840086515,0.9976821545931704
2023-02-10,1.092893650290211,0.8526386585576116,1.0041027443259198
2023-02-13,1.099926974197765,0.8433403647506927,0.9931526868363028
2023-02-14,1.0879319232232438,0.8573073890621806,1.0096008355338488
2023-02-15,1.1059497630611304,0.8609342719877101,1.013872003703767
2023-02-16,1.1106285403157248,0.8562185408404774,1.0083185625843487
2023-02-17,1.1045451193497082,0.8393688104456313,0.9884756193154638
2023-02-22,1.0828085105492067,0.843818204617771,0.9937154109364432
2023-02-23,1.0885483496001993,0.8293498401178729,0.976676863183012
2023-02-24,1.0698837673340316,0.8280808227659598,0.975182415572803
2023-02-27,1.0682467005624456,0.8219785726601555,0.9679961520644528
2023-02-28,1.0603746325682146,0.8176936807373378,0.9629500851336856
2023-03-01,1.0548470058765016,0.8093980673072393,0.9531808257558385
2023-03-02,1.044145439758542,0.8136281251469496,0.9581623177898682
2023-03-03,1.0496023289971614,0.8201612144771688,0.9658559554868695
2023-03-06,1.0580301912656962,0.8164638305876443,0.9615017624497176
2023-03-07,1.0532604658571252,0.8345747448939597,0.9828299283435633
2023-03-08,1.0766240360787707,0.8230674208818588,0.9692784250139529
2023-03-09,1.061779276279637,0.8116854319168605,0.9558745214483138
2023-03-10,1.0470962020875734,0.8077922120162382,0.9512897037799568
2023-03-13,1.042073842917955,0.8063116917723395,0.9495461815680464
2023-03-14,1.0401639316844382,0.8042984975782551,0.9471753603592581
2023-03-15,1.0375668566208731,0.8102519123156252,0.9541863491478925
2023-03-16,1.045246922956708,0.7988699233506269,0.9407824455822533
2023-03-17,1.0305638487646445,0.7905743099205284,0.9310131862044062
2023-03-20,1.019862282646685,0.7911618179538215,0.9317050600980213
2023-03-21,1.0206201839298266,0.785075234728905,0.9245372465601676
2023-03-24,1.0300315764720385,0.7917559486125525,0.9324047330707778
2023-03-27,1.0387967825938544,0.8037907661318464,0.9465774346921506
2023-03-28,1.054586660447067,0.8086205806874442,0.9522652251778236
2023-03-29,1.0609234563115906,0.82387262665249,0.9702266688167912
2023-03-30,1.0809343906206124,0.8093275765681157,0.9530978129298383
2023-03-31,1.0618510464957067,0.8063407175666276,0.9495803635505404
2023-04-03,1.0579322385268566,0.8092243075068941,0.9529761989885328
2023-04-04,1.061715555794656,0.8021464049262401,0.9446409665498244
2023-04-05,1.0524292315918757,0.8009071761915801,0.9431815992541583
2023-04-06,1.0508033431792676,0.8090495444802113,0.9527703907801696
2023-04-10,1.0614862638390319,0.8437400052767501,0.9936233201402588
2023-04-11,1.107000717030437,0.8491099964602766,0.9999472450881454
2023-04-12,1.114046233485072,0.8456782861181414,0.9959059202693777
2023-04-13,1.1095437732655422,0.8442563505828585,0.9942313898467865
2023-04-14,1.1076781705356908,0.8421671380366048,0.9917710462649904
2023-04-17,1.1049370894298194,0.8433348728058035,0.9931462192935988
2023-04-18,1.106469176587854,0.8254613814405156,0.9720976525291837
2023-04-19,1.083018862944469,0.8290678548093338,0.9763447855563145
2023-04-20,1.0877506151196232,0.8257314697544801,0.9724157197602904
2023-04-24,1.0833732232395246,0.819956346100007,0.9656146939657438
2023-04-25,1.0757961663423063,0.8127433993623708,0.9571204279114821
2023-04-26,1.066332661991998,0.817597045239789,0.9628362831528411
2023-04-27,1.0727007249413796,0.8295842001154422,0.9769528552628421
2023-04-28,1.0884280686248764,0.8096850463954217,0.9535187842651267
2023-05-02,1.0623200527685746,0.808652355783205,0.9523026448520716
2023-05-03,1.0609651457580678,0.8116471585586332,0.9558294491499314
2023-05-04,1.0648943760885372,0.8352719422565739,0.9836509769532072
2023-05-05,1.0958904795442823,0.8423736761590482,0.9920142741476015
2023-05-08,1.1052080708319205,0.8508894018228654,1.0020427468460251
2023-05-09,1.1163808424877912,0.8531171776179568,1.0051672896457204
2023-05-10,1.1198619112686314,0.8531171776179568,1.012726063843786
2023-05-11,1.1282831794570114,0.8531171776179568,1.014671886904674
2023-05-12,1.130451030673822,0.8531171776179568,1.0199574158921827
2023-05-15,1.1363396649887163,0.8531171776179568,1.0121460588929443
2023-05-16,1.127636993036616,0.8531171776179568,1.0239893857923885
2023-05-17,1.1408317028466268,0.8531171776179568,1.03005137302054
2023-05-18,1.1475853931759217,0.8531171776179568,1.03601045614451
2023-05-19,1.1542244375274044,0.8531171776179568,1.031033639469546
2023-05-22,1.1486797411459462,0.8531171776179568,1.0283768425979487
2023-05-23,1.14571979044607,0.8531171776179568,1.0178151395414934
2023-05-24,1.1339529441779006,0.8531171776179568,1.029546207418194
2023-05-25,1.1470225856484804,0.8531171776179568,1.037516598032986
2023-05-26,1.1559024377481089,0.8531171776179568,1.0321562296969815
2023-05-29,1.1499304245402602,0.8531171776179568,1.0193774109413412
2023-05-30,1.1356934785683208,0.8531171776179568,1.013465102410181
2023-05-31,1.1291065460249345,0.8531171776179568,1.0343265708033569
2023-06-01,1.1523484124359338,0.8531171776179568,1.0529709234973477
2023-06-02,1.1731201791431631,0.8531171776179568,1.0542619022588986
2023-06-05,1.174558465046624,0.8531171776179568,1.0721672163864944
2023-06-06,1.19450686518593,0.8531171776179568,1.0803808348838972
2023-06-07,1.2036576986876597,0.8531171776179568,1.0947032152022613
2023-06-09,1.2196143343267807,0.8531171776179568,1.0976687243864032
2023-06-12,1.222918222960093,0.8531171776179568,1.0921212576791595
2023-06-13,1.2167377625198588,0.8531171776179568,1.1138807982542838
2023-06-14,1.240980175646309,0.8531171776179568,1.1153027458757019
2023-06-15,1.24256437461244,0.8531171776179568,1.1109714185815134
2023-06-16,1.2377388211827123,0.8531171776179568,1.1212618289996719
2023-06-19,1.2492034189639223,0.8531171776179568,1.1190540682190488
2023-06-20,1.246743741621772,0.8531171776179568,1.1265192932314947
2023-06-21,1.255060786193959,0.8531171776179568,1.112617884248419
2023-06-22,1.2395731568277057,0.8531171776179568,1.1130201457465831
2023-06-23,1.2400213183773348,0.8531171776179568,1.1061536355221029
2023-06-26,1.2323713049487817,0.8531171776179568,1.09941809415749
2023-06-27,1.2248672045828985,0.8531171776179568,1.0915412527283177
2023-06-28,1.216091576099463,0.8531171776179568,1.1074633241207774
2023-06-29,1.233830435575481,0.8531171776179568,1.1046942682264365
2023-06-30,1.2307454165361733,0.8531171776179568,1.1195311690657086
2023-07-03,1.247275282064355,0.8531171776179568,1.113946282684217
2023-07-04,1.2410531321776435,0.8531171776179568,1.1183711591640253
2023-07-05,1.245982909223564,0.8531171776179568,1.0985106670569795
2023-07-06,1.223856235505828,0.8531171776179568,1.112281107180188
2023-07-07,1.2391979518094114,0.8531171776179568,1.103337805034952
2023-07-10,1.2292341741013777,0.8531171776179568,1.0965835538332154
2023-07-11,1.2217092290122558,0.8531171776179568,1.1007558475118504
2023-07-12,1.2263576022944556,0.8531171776179568,1.1157050073738661
2023-07-13,1.2430125361620685,0.8531171776179568,1.1011768188471387
2023-07-14,1.2268266085673234,0.8531171776179568,1.1059291174766155
2023-07-17,1.2321211682699187,0.8531171776179568,1.1023929582601937
2023-07-18,1.22818151557783,0.8531171776179568,1.0996893867957864
2023-07-19,1.2251694530698576,0.8531171776179568,1.1046568485521886
2023-07-20,1.2307037270896966,0.8531171776179568,1.124620244763416
2023-07-21,1.2529450467852445,0.8531171776179568,1.1351445281456234
2023-07-24,1.2646702036069368,0.8531171776179568,1.1413749039078902
2023-07-25,1.2716114964453789,0.8531171776179568,1.1465388189540935
2023-07-26,1.2773646400592227,0.8531171776179568,1.1224966782498504
2023-07-27,1.2505791706976674,0.8531171776179568,1.124339597206557
2023-07-28,1.252632375936666,0.8531171776179568,1.1407668342013628
2023-07-31,1.2709340429401255,0.8531171776179568,1.1342651658007992
2023-08-01,1.2636905016147244,0.8531171776179568,1.1306261024801958
2023-08-02,1.2596362029448236,0.8531171776179568,1.1280722097127802
2023-08-03,1.2567908982227594,0.8531171776179568,1.1179876075029849
2023-08-04,1.2455555923971733,0.8531171776179568,1.1167901779270537
2023-08-07,1.244221530109905,0.8531171776179568,1.1140772515440847
2023-08-08,1.2411990452403132,0.8531171776179568,1.1077065520033884
2023-08-09,1.2341014169775821,0.8531171776179568,1.1071546118082327
2023-08-10,1.2334864976420445,0.8531171776179568,1.1044884600180735
2023-08-11,1.2305161245805492,0.8531171776179568,1.0927480372228109
2023-08-14,1.2174360607483499,0.8531171776179568,1.086770244261717
2023-08-15,1.2107761716736287,0.8531171776179568,1.081353746414341
2023-08-16,1.2047416242960642,0.8531171776179568,1.075647246091544
2023-08-17,1.1983839837083021,0.8531171776179568,1.079641796317502
2023-08-18,1.2028343321197357,0.8531171776179568,1.070473976126779
2023-08-21,1.1926204177328392,0.8531171776179568,1.0866299204832879
2023-08-22,1.2106198362493397,0.8531171776179568,1.105143304317411
2023-08-23,1.231245689893899,0.8531171776179568,1.0947686996321948
2023-08-24,1.219687290858115,0.8531171776179568,1.0836457014620215
2023-08-25,1.2072951028927885,0.8531171776179568,1.095657416895581
2023-08-28,1.2206774152119466,0.8531171776179568,1.1076597774105785
2023-08-29,1.2340493051694856,0.8531171776179568,1.0995303531802334
2023-08-30,1.2249922729223295,0.8531171776179568,1.082756984198635
2023-08-31,1.2063049785389568,0.8531171776179568,1.102879414025416
2023-09-01,1.2287234783820327,0.8531171776179568,1.1017942434722283
2023-09-04,1.2275144844341959,0.8531171776179568,1.097621949793593
2023-09-05,1.222866111151996,0.8531171776179568,1.085030229409192
2023-09-06,1.2088376124124423,0.8531171776179568,1.0787437241355535
2023-09-08,1.2018337854042846,0.8531171776179568,1.0934309462778342
2023-09-11,1.2181968931465574,0.8531171776179568,1.103581032917563
2023-09-12,1.2295051555034784,0.8531171776179568,1.105526855978451
2023-09-13,1.231673006720289,0.8531171776179568,1.116902436949797
2023-09-14,1.244346598449336,0.8531171776179568,1.110971418581513
2023-09-15,1.237738821182711,0.8531171776179568,1.1065746068573907
2023-09-18,1.2328403112216484,0.8531171776179568,1.1024397328530033
2023-09-19,1.2282336273859258,0.8531171776179568,1.1103820587121094
2023-09-20,1.2370822124006962,0.8531171776179568,1.0865270163791056
2023-09-21,1.2105051902715267,0.8531171776179568,1.0852547474546788
2023-09-22,1.2090877490913043,0.8531171776179568,1.0844689342954739
2023-09-25,1.2082122707152847,0.8531171776179568,1.0682662153461553
2023-09-26,1.1901607403906878,0.8531171776179568,1.0695197744334584
2023-09-27,1.1915573368476717,0.8526906190291479,1.0826540800944533
2023-09-28,1.206190332561144,0.8588354201305841,1.09045608217513
2023-09-29,1.2148825821516254,0.847724676652208,1.0763488649836908
2023-10-02,1.199165660829748,0.8356561104601786,1.0610255083791966
2023-10-03,1.1820938324973638,0.8370412694614616,1.0627842330688457
2023-10-04,1.1840532364817888,0.834661448411385,1.059762594373332
2023-10-05,1.1806868136787607,0.8411893785982824,1.0680510522192306
2023-10-06,1.1899210260734447,0.8484540954879898,1.0772750019213253
2023-10-09,1.2001974746300568,0.8601026932594174,1.0920651281677876
2023-10-10,1.216675228350142,0.862416203506241,1.0950025725962438
2023-10-11,1.2199478498985965,0.852428871869041,1.0828692432213787
2023-10-13,1.2064300468783875,0.852428871869041,1.0901660796997092
2023-10-16,1.2145594889414275,0.852428871869041,1.0843099006799208
2023-10-17,1.2080350905677568,0.852428871869041,1.0670220111774145
2023-10-18,1.1887745662953233,0.852428871869041,1.0664981357379446
2023-10-19,1.1881909140446436,0.852428871869041,1.0585558098788386
2023-10-20,1.179342329029873,0.852428871869041,1.0550944900109125
2023-10-23,1.1754860552307385,0.852428871869041,1.0642342454459497
2023-10-24,1.1856687025327772,0.852428871869041,1.0555154613462008
2023-10-25,1.1759550615036063,0.852428871869041,1.0737294877863413
2023-10-26,1.1962473995763487,0.852428871869041,1.059921627988885
2023-10-27,1.1808639938262881,0.852428871869041,1.052727695614736
2023-10-30,1.1728491977410602,0.852428871869041,1.0584529057746568
2023-10-31,1.179227683052061,0.852428871869041,1.0763114453094427
2023-11-01,1.1991239713832706,0.852428871869041,1.1053771772814593
2023-11-03,1.2315062489343802,0.852428871869041,1.1084362356512212
2023-11-06,1.2349143611838853,0.852428871869041,1.1157424270481138
2023-11-07,1.2430542256085448,0.852428871869041,1.1141614458111422
2023-11-08,1.241292846494886,0.852428871869041,1.1133475678962514
2023-11-09,1.2403861010340085,0.852428871869041,1.1285399556408782
2023-11-10,1.2573120163037228,0.852428871869041,1.126107676814768
2023-11-13,1.2546022022827095,0.852428871869041,1.1537233964096805
2023-11-14,1.2853690137828304,0.852428871869041,1.1653983347750092
2023-11-16,1.2983761210836946,0.852428871869041,1.1699448251961229
2023-11-17,1.3034413888306657,0.852428871869041,1.17960845607063
2023-11-20,1.3142076883833842,0.852428871869041,1.1750432558123922
2023-11-21,1.3091215759131742,0.852428871869041,1.179047160956912
2023-11-22,1.313582346686227,0.852428871869041,1.1841081718989337
2023-11-23,1.3192208443222588,0.852428871869041,1.1744351861058646
2023-11-24,1.308444122407921,0.852428871869041,1.1757542296231012
2023-11-27,1.3099136753962397,0.852428871869041,1.1837526849935789
2023-11-28,1.3188247945807259,0.852428871869041,1.1796645855820014
2023-11-29,1.3142702225530998,0.852428871869041,1.1911711354132148
2023-11-30,1.3270897273448168,0.852428871869041,1.1983931325430497
2023-12-01,1.3351357905149026,0.852428871869041,1.1862317384124987
2023-12-04,1.3215867204098357,0.852428871869041,1.187167230268695
2023-12-05,1.3226289565717642,0.852428871869041,1.1751929345093834
2023-12-06,1.309288333699083,0.852428871869041,1.1788132879928628
2023-12-07,1.3133217876457453,0.852428871869041,1.18895401971403
2023-12-08,1.3246196276410471,0.852428871869041,1.1872888442100007
2023-12-11,1.3227644472728148,0.852428871869041,1.182489770987714
2023-12-12,1.317417775762123,0.852428871869041,1.2111345316244424
2023-12-13,1.349331047040365,0.852428871869041,1.2240162544842643
2023-12-14,1.3636826389901164,0.852428871869041,1.2179823320117986
2023-12-15,1.3569602157456793,0.852428871869041,1.2262801447762592
2023-12-18,1.3662048505019828,0.852428871869041,1.2334553673132844
2023-12-19,1.3741988018639724,0.852428871869041,1.22366076757891
2023-12-20,1.363286589248584,0.852428871869041,1.236551845357294
2023-12-21,1.3776486035599547,0.852428871869041,1.2418935038561743
2023-12-22,1.3835997720445647,0.852428871869041,1.2491903403345046
2023-12-26,1.3917292141076048,0.852428871869041,1.2553739415039615
2023-12-27,1.3986183951379503,0.852428871869041,1.2552897472369038
2023-12-28,1.3985245938833766,0.852428871869041,1.241369628416704
2024-01-02,1.3830161197938848,0.852428871869041,1.2426512522596929
2024-01-03,1.3844439833357265,0.852428871869041,1.2276085432120576
2024-01-04,1.3676848258519207,0.852428871869041,1.2350644133059414
2024-01-05,1.3759914480624889,0.852428871869041,1.238843800404974
2024-01-08,1.3802020821566787,0.852428871869041,1.229675980214251
2024-01-09,1.3699881677697823,0.852428871869041,1.2240068995657019
2024-01-10,1.3636722166284971,0.852428871869041,1.222210755201805
2024-01-11,1.361671123197595,0.852428871869041,1.2253820725943103
2024-01-12,1.3652043037865318,0.852428871869041,1.2303682441878363
2024-01-15,1.3707594225296096,0.852428871869041,1.2095348405503465
2024-01-16,1.347548823203468,0.852428871869041,1.2023315532576355
2024-01-17,1.3395236047566206,0.852428871869041,1.1910308116347852
2024-01-18,1.3269333919205277,0.852428871869041,1.194024385574613
2024-01-19,1.3302685476386982,0.852428871869041,1.184351399781544
2024-01-22,1.3194918257243604,0.852428871869041,1.1998899195129633
2024-01-23,1.3368033683739884,0.852428871869041,1.1957082709157663
2024-01-24,1.3321445727301693,0.852428871869041,1.1990105571681389
2024-01-25,1.3358236663817757,0.852428871869041,1.2064757821805847
2024-01-26,1.344140710953963,0.852428871869041,1.2021350999678342
2024-01-29,1.339304735162616,0.852428871869041,1.1918353346311137
2024-01-30,1.3278297150197864,0.852428871869041,1.1951095561278005
2024-01-31,1.3314775415865352,0.852428871869041,1.2019292917594708
2024-02-01,1.339075443206992,0.852428871869041,1.189777252547482
2024-02-02,1.3255367954635442,0.852428871869041,1.1936221240764482
2024-02-05,1.329820386089069,0.852428871869041,1.2200310591768675
2024-02-06,1.3592427129403026,0.852428871869041,1.212472284978802
2024-02-07,1.3508214447519227,0.852428871869041,1.1994595932591126
2024-02-08,1.3363239397395013,0.852428871869041,1.1976728038137778
2024-02-09,1.3343332686702183,0.852428871869041,1.1882430459033198
2024-02-14,1.3238275281579819,0.852428871869041,1.195596011893022
2024-02-15,1.3320195043907375,0.852428871869041,1.2042212468071511
2024-02-16,1.3416289218037156,0.852428871869041,1.2071212715613595
2024-02-19,1.344859853905693,0.852428871869041,1.2153535998958864
2024-02-20,1.3540315321306613,0.852428871869041,1.216438770449074
2024-02-21,1.3552405260784979,0.852428871869041,1.218393948428524
2024-02-22,1.3574187996569278,0.852428871869041,1.210704205370591
2024-02-23,1.3488516184058779,0.852428871869041,1.2124816398973637
2024-02-26,1.3508318671135415,0.852428871869041,1.2319398705062452
2024-02-27,1.3725103792816484,0.852428871869041,1.2175894254321953
2024-02-28,1.3565224765576696,0.852428871869041,1.206971592864368
2024-02-29,1.3446930961197843,0.852428871869041,1.208468379834282
2024-03-01,1.3463606739788696,0.852428871869041,1.2006196031607956
2024-03-04,1.3376163125802918,0.852428871869041,1.198346357950239
2024-03-05,1.3350836787068066,0.852428871869041,1.205755453451313
2024-03-06,1.343338189109278,0.852428871869041,1.2006102482422338
2024-03-07,1.337605890218673,0.852428871869041,1.1887388565871038
2024-03-08,1.324379913323804,0.852428871869041,1.1798797487089256
2024-03-11,1.3145099368703437,0.852428871869041,1.1943237429685953
2024-03-12,1.3306020632105153,0.852428871869041,1.1974857054425385
2024-03-13,1.3341248214378325,0.852428871869041,1.1945295511769585
2024-03-14,1.3308313551661393,0.852428871869041,1.1856610883802183
2024-03-15,1.3209509563510595,0.852428871869041,1.1876443311153542
2024-03-18,1.3231604970143473,0.852428871869041,1.1930234092884824
2024-03-19,1.3291533549454344,0.852428871869041,1.207953859313374
2024-03-20,1.3457874440898088,0.852428871869041,1.1989170079825184
2024-03-21,1.3357194427655823,0.852428871869041,1.1883272401703773
2024-03-22,1.323921329412555,0.852428871869041,1.1874291679884288
2024-03-25,1.322920782697104,0.852428871869041,1.1867930335262153
2024-03-26,1.3222120621069926,0.852428871869041,1.19453890609552
2024-03-27,1.3308417775277581,0.852428871869041,1.1984211972987342
2024-03-28,1.33516705759976,0.852428871869041,1.1879811081835845
2024-04-01,1.3235357020326413,0.852428871869041,1.1932105076597215
2024-04-02,1.3293618021778202,0.852428871869041,1.1910495214719081
2024-04-03,1.326954236643766,0.852428871869041,1.192078562513724
2024-04-04,1.3281006964218869,0.852428871869041,1.186156899064002
2024-04-05,1.321503341516881,0.852428871869041,1.205446741138768
2024-04-08,1.342994251175841,0.852428871869041,1.215110372013275
2024-04-09,1.3537605507285595,0.852428871869041,1.1979347415335122
2024-04-10,1.3346250947955574,0.852428871869041,1.1917792051197411
2024-04-11,1.3277671808500695,0.852428871869041,1.1782145732048959
2024-04-12,1.3126547565021105,0.852428871869041,1.172489363044975
2024-04-15,1.3062762711911098,0.852428871869041,1.1636489650039208
2024-04-16,1.2964271394608882,0.852428871869041,1.161609592757413
2024-04-17,1.2941550646278845,0.852428871869041,1.1618434657214622
2024-04-18,1.2944156236683668,0.852428871869041,1.170524830146963
2024-04-19,1.3040875752510606,0.852428871869041,1.174725188581284
2024-04-22,1.308767215618118,0.852428871869041,1.17074934819245
2024-04-23,1.304337711929923,0.852428871869041,1.1669418963377314
2024-04-24,1.3000958107508753,0.852428871869041,1.166053179074345
2024-04-25,1.2991056863970436,0.852428871869041,1.183640425970834
2024-04-26,1.3186997262412943,0.852428871869041,1.1913675887030148
2024-04-29,1.3273085969388214,0.852428871869041,1.1780087649965327
2024-04-30,1.3124254645464863,0.852428871869041,1.1892159574337635
2024-05-02,1.3249114537663864,0.852428871869041,1.202191229479205
2024-05-03,1.3393672693323309,0.852428871869041,1.2017889679810407
2024-05-06,1.3389191077827016,0.852428871869041,1.2087490273911405
2024-05-07,1.3466733448274475,0.852428871869041,1.2112842103214325
2024-05-08,1.3494978048262731,0.852428871869041,1.1991883006208153
2024-05-09,1.3360216912525413,0.852428871869041,1.1936876085063814
2024-05-10,1.3298933426204034,0.852428871869041,1.1988795883082706
2024-05-13,1.3356777533191049,0.852428871869041,1.202247358990577
2024-05-14,1.3394298035020467,0.852428871869041,1.1976915136509017
2024-05-15,1.3343541133934562,0.852428871869041,1.200086372802764
2024-05-16,1.3370222379679926,0.852428871869041,1.198842168634023
2024-05-17,1.335636063872628,0.852428871869041,1.195100201209238
2024-05-20,1.3314671192249152,0.852428871869041,1.1919288838167328
2024-05-21,1.3279339386359788,0.852428871869041,1.1754455173105554
2024-05-22,1.3095697374628035,0.852428871869041,1.1668296373149882
2024-05-23,1.2999707424114446,0.852428871869041,1.1628725067632781
2024-05-24,1.2955620834464885,0.852428871869041,1.1646499412900508
2024-05-27,1.297542332154152,0.852428871869041,1.1579518195996858
2024-05-28,1.2900799212347458,0.852428871869041,1.1479139919827004
2024-05-29,1.2788967272172562,0.852428871869041,1.1422168465784655
2024-05-31,1.2725495089911134,0.852428871869041,1.141599421953376
2024-06-03,1.271861633124241,0.852428871869041,1.1394477906841247
2024-06-04,1.269464489951806,0.852428871869041,1.1357525978521497
2024-06-05,1.2653476571121895,0.852428871869041,1.1497101363465974
2024-06-06,1.2808978206481585,0.852428871869041,1.1297654499724938
2024-06-07,1.2586773456758489,0.852428871869041,1.1296999655425601
2024-06-10,1.2586043891445138,0.852428871869041,1.1378855192842772
2024-06-11,1.2677239555613857,0.852428871869041,1.1219915126475033
2024-06-12,1.2500163631702252,0.852428871869041,1.1185489026167013
2024-06-13,1.2461809340943295,0.852428871869041,1.1194282649615257
2024-06-14,1.247160636086542,0.852428871869041,1.1145262876350575
2024-06-17,1.241699318598038,0.852428871869041,1.119128907567543
2024-06-18,1.246827120514725,0.852428871869041,1.1250318611801413
2024-06-19,1.2534036306964922,0.852428871869041,1.1267625211141041
2024-06-20,1.2553317675960591,0.852428871869041,1.1351351732270603
2024-06-21,1.2646597812453166,0.852428871869041,1.1472591476833633
2024-06-24,1.2781671619039066,0.852428871869041,1.1443965426034028
2024-06-25,1.274977919248406,0.852428871869041,1.147296567357611
2024-06-26,1.2782088513503833,0.8520026574331065,1.162891216600402
2024-06-27,1.2955829281697266,0.8492542175448397,1.1591398942570552
2024-06-28,1.2914035611603945,0.8548127830046511,1.1667267332108064
2024-07-01,1.299856096433632,0.8552857065764478,1.167372222591582
2024-07-02,1.300575239385363,0.8612829257840127,1.175557776333299
2024-07-03,1.3096948058022349,0.8647236161179527,1.180253945451404
2024-07-04,1.3149268313351146,0.8654295744932431,1.1812175020632862
2024-07-05,1.3160003345819007,0.866922823817226,1.1838462341791978
2024-07-08,1.318929018196919,0.866922823817226,1.1890849885738968
2024-07-09,1.324765540703717,0.866922823817226,1.1901140296157124
2024-07-10,1.325912000481838,0.866922823817226,1.200179921988384
2024-07-11,1.3371264615841858,0.866922823817226,1.2058209378812472
2024-07-12,1.3434111456406128,0.866922823817226,1.2097874233515193
2024-07-15,1.3478302269671887,0.866922823817226,1.2078135355349453
2024-07-16,1.3456311086655202,0.866922823817226,1.2109942078460125
2024-07-17,1.3491747116160762,0.866922823817226,1.1941740642716043
2024-07-18,1.330435305424607,0.866922823817226,1.1938372872033738
2024-07-19,1.3300601004063128,0.866922823817226,1.1961198873324925
2024-07-22,1.3326031566414176,0.866922823817226,1.1842391407588004
2024-07-23,1.3193667573849293,0.866922823817226,1.1826768693589527
2024-07-24,1.317626222994509,0.866922823817226,1.1782894125533923
2024-07-25,1.3127381353950658,0.866922823817226,1.1926772773016903
2024-07-26,1.3287677275655216,0.866922823817226,1.1876443311153546
2024-07-29,1.3231604970143478,0.866922823817226,1.1800200724873553
2024-07-30,1.3146662722946327,0.866922823817226,1.1941740642716043
2024-07-31,1.330435305424607,0.866922823817226,1.19176985020118
2024-08-01,1.3277567584884515,0.866922823817226,1.1773539206971961
2024-08-02,1.3116958992331376,0.866922823817226,1.1718906482570102
2024-08-05,1.3056092400474766,0.866922823817226,1.1812175020632867
2024-08-06,1.3160003345819011,0.866922823817226,1.1928830855100536
2024-08-07,1.328997019521146,0.866922823817226,1.2036131771006244
2024-08-08,1.3409514682984627,0.866922823817226,1.2218926879706986
2024-08-09,1.36131676290254,0.866922823817226,1.2265795021702417
2024-08-12,1.3665383660738004,0.866922823817226,1.2385725077666772
2024-08-13,1.3798998336697201,0.866922823817226,1.2471790328436825
2024-08-14,1.3894884063594597,0.866922823817226,1.2549903898429209
2024-08-15,1.3981910783115603,0.866922823817226,1.2531194061305284
2024-08-16,1.3961066059877039,0.866922823817226,1.2701921325061094
2024-08-19,1.4151274159428937,0.866922823817226,1.2730828023417557
2024-08-20,1.4183479256832519,0.866922823817226,1.2766096066396155
2024-08-21,1.4222771560137213,0.866922823817226,1.2645324067761223
2024-08-22,1.4088218871632279,0.866922823817226,1.2686017963505758
2024-08-23,1.4133556144676158,0.866922823817226,1.2805854470284495
2024-08-26,1.4267066597019162,0.866922823817226,1.2795283412309477
2024-08-27,1.4255289328389373,0.866922823817226,1.2848419349741425
2024-08-28,1.43144883423869,0.866922823817226,1.2726524760879057
2024-08-29,1.4178684970487652,0.866922823817226,1.272306344101113
2024-08-30,1.417482869668852,0.866922823817226,1.2627362624122258
2024-09-02,1.4068207937323263,0.866922823817226,1.2568613735553136
2024-09-03,1.4002755506354172,0.866922823817226,1.2733073203872431
2024-09-04,1.4185980623621153,0.866922823817226,1.2769650935449703
2024-09-05,1.4226732057552545,0.866922823817226,1.2589101007203831
2024-09-06,1.40255804783004,0.866922823817226,1.2604536622831068
2024-09-09,1.4042777374972215,0.866922823817226,1.2565526612427687
2024-09-10,1.3999316127019807,0.866922823817226,1.2598923671693893
2024-09-11,1.4036523958000646,0.866922823817226,1.2538303799412378
2024-09-12,1.3968987054707698,0.866922823817226,1.2618101254745917
2024-09-13,1.4057889799320173,0.866922823817226,1.264017886255215
2024-09-16,1.4082486572741681,0.866922823817226,1.262539809122425
2024-09-17,1.4066019241383216,0.866922823817226,1.2512016478253267
2024-09-18,1.3939700218557518,0.866922823817226,1.2453548237241003
2024-09-19,1.3874560458437004,0.866922823817226,1.226102401323582
2024-09-20,1.3660068256312174,0.866922823817226,1.2214530067982867
2024-09-23,1.3608269119064345,0.866922823817226,1.2363086174746827
2024-09-24,1.3773776221578544,0.866922823817226,1.2309763138943641
2024-09-25,1.3714368760348634,0.866922823817226,1.2442977179265984
2024-09-26,1.3862783189807213,0.866922823817226,1.2416783407292489
2024-09-27,1.3833600577273224,0.866922823817226,1.2331279451636155
2024-09-30,1.3738340192072984,0.866922823817226,1.2394799348671879
2024-10-01,1.3809108027467911,0.866922823817226,1.2490219518003893
2024-10-02,1.3915416115984587,0.866922823817226,1.231780836890693
2024-10-03,1.3723331991341219,0.866922823817226,1.2329034271181285
2024-10-04,1.3735838825284357,0.866922823817226,1.235017638713132
2024-10-07,1.3759393362543932,0.866922823817226,1.230284049920779
2024-10-08,1.3706656212750365,0.866922823817226,1.2157839261497374
2024-10-09,1.354510960765149,0.866922823817226,1.2194416993074646
2024-10-10,1.3585861041582885,0.866922823817226,1.2160645737065963
2024-10-11,1.3548236316137277,0.866922823817226,1.225541106209864
2024-10-14,1.3653814839340603,0.866922823817226,1.2258965931152184
2024-10-15,1.365777533675593,0.866922823817226,1.2325105205385256
2024-10-16,1.3731461433404253,0.866922823817226,1.2235578634747277
2024-10-17,1.3631719432707723,0.866922823817226,1.2208075174175108
2024-10-18,1.3601077689547032,0.866922823817226,1.2195258935745221
2024-10-21,1.3586799054128615,0.866922823817226,1.2135293907763043
2024-10-22,1.3519991716149018,0.866922823817226,1.2089641905180668
2024-10-23,1.346913059144692,0.866922823817226,1.2167661925987432
2024-10-24,1.3556053087351732,0.866922823817226,1.2151384367689617
2024-10-25,1.353791817813418,0.866922823817226,1.227486929270752
2024-10-28,1.3675493351508705,0.866922823817226,1.2229685036053242
2024-10-29,1.3625153344887573,0.866922823817226,1.2221172060161856
2024-10-30,1.3615668995814028,0.866922823817226,1.2134545514278086
2024-10-31,1.3519157927219474,0.866922823817226,1.1985615210771647
2024-11-01,1.3353233930240502,0.866922823817226,1.2209571961145023
2024-11-04,1.3602745267406118,0.866922823817226,1.2223230142245487
2024-11-05,1.3617961915370267,0.866922823817226,1.2193294402847208
2024-11-06,1.3584610358188565,0.866922823817226,1.2131645489523877
2024-11-07,1.3515926995117495,0.866922823817226,1.1958392397756334
2024-11-08,1.3322904857928388,0.866922823817226,1.1962508561923597
2024-11-11,1.3327490697040871,0.866922823817226,1.1946043905254544
2024-11-12,1.3309147340590934,0.866922823817226,1.1949411675936852
2024-11-13,1.3312899390773876,0.866922823817226,1.195483752870279
2024-11-14,1.331894436051306,0.866922823817226,1.195259234824792
2024-11-18,1.3316442993724433,0.866922823817226,1.1992724948878737
2024-11-19,1.336115492507115,0.866922823817226,1.187344973721372
2024-11-21,1.3228269814425304,0.866922823817226,1.2079632142319368
2024-11-22,1.3457978664514283,0.866922823817226,1.2071212715613602
2024-11-25,1.344859853905693,0.866922823817226,1.2154097294072586
2024-11-26,1.3540940663003769,0.866922823817226,1.1943330978871576
2024-11-27,1.3306124855721342,0.866922823817226,1.165716402006115
2024-11-28,1.29873048137875,0.866922823817226,1.175613905844671
2024-11-29,1.3097573399719504,0.866922823817226,1.1715725810259034
2024-12-02,1.3052548797524206,0.866922823817226,1.1800200724873555
2024-12-03,1.3146662722946325,0.866922823817226,1.1795336167221335
2024-12-04,1.3141243094904298,0.866922823817226,1.1961011774953685
2024-12-05,1.3325823119181783,0.866922823817226,1.1782145732048968
2024-12-06,1.312654756502111,0.866922823817226,1.190039190267217
2024-12-09,1.3258286215888835,0.866922823817226,1.1995624973632946
2024-12-10,1.3364385857173129,0.866922823817226,1.2123319612003731
2024-12-11,1.350665109327633,0.866922823817226,1.1791126453868452
2024-12-12,1.313655303217562,0.866922823817226,1.165735111843239
2024-12-13,1.2987513261019885,0.866922823817226,1.1558937375160547
2024-12-16,1.2877870016785036,0.866922823817226,1.1665396348395678
2024-12-17,1.2996476492012465,0.866922823817226,1.129812224565304
2024-12-18,1.2587294574839447,0.866922823817226,1.1337038706870803
2024-12-19,1.2630651599175662,0.866922823817226,1.1422542662527138
2024-12-20,1.2725911984375902,0.866922823817226,1.1297654499724943
2024-12-23,1.2586773456758487,0.866922823817226,1.1326748296452647
2024-12-26,1.2619187001394454,0.866922823817226,1.1251067005286373
2024-12-27,1.253487009589446,0.866922823817226,1.1252376693885047
2024-12-30,1.2536329226521157,0.866922823817226,1.1237595922557146
