periodo,modelo,retorno,sentimento,alpha,beta,beta_se_hac,beta_t_hac,beta_p_hac,r2,maxlags,n,rotulo
artigo (05/08/2019–30/12/2024),Regressão Logística,mesmo dia (D−1→D),bruto,0.0004478286296119169,-0.029422088653421812,0.006248393877698392,-4.708744235608191,2.492475862988857e-06,0.0162314968641476,7,1341,pós-submissão; não consta do artigo
artigo (05/08/2019–30/12/2024),Regressão Logística,mesmo dia (D−1→D),bruto,0.0004478286296119169,-0.029422088653421812,0.006203421758281592,-4.742880590722888,2.1070047685590577e-06,0.0162314968641476,5,1341,pós-submissão; não consta do artigo
artigo (05/08/2019–30/12/2024),Regressão Logística,mesmo dia (D−1→D),bruto,0.0004478286296119169,-0.029422088653421812,0.006416852782924207,-4.585127577138204,4.537093159915761e-06,0.0162314968641476,10,1341,pós-submissão; não consta do artigo
artigo (05/08/2019–30/12/2024),Regressão Logística,mesmo dia (D−1→D),menos a média do seu bloco do walk-forward,0.0002773472309215681,-0.03168079526316678,0.00596484364898746,-5.3112532578359595,1.0887390486502153e-07,0.017697009735641034,7,1341,pós-submissão; não consta do artigo
artigo (05/08/2019–30/12/2024),Regressão Logística,dia seguinte (D→D+1),bruto,0.0002274595800455514,0.004662072070841291,0.006002183168447025,0.7767293899575431,0.4373184433500191,0.00040783400832145045,7,1341,pós-submissão; não consta do artigo
artigo (05/08/2019–30/12/2024),Regressão Logística,dia seguinte (D→D+1),bruto,0.0002274595800455514,0.004662072070841291,0.005918709413632547,0.7876838927255244,0.43088162949220354,0.00040783400832145045,5,1341,pós-submissão; não consta do artigo
artigo (05/08/2019–30/12/2024),Regressão Logística,dia seguinte (D→D+1),bruto,0.0002274595800455514,0.004662072070841291,0.00629784092225639,0.7402651366384408,0.4591391308831073,0.00040783400832145045,10,1341,pós-submissão; não consta do artigo
artigo (05/08/2019–30/12/2024),Regressão Logística,dia seguinte (D→D+1),menos a média do seu bloco do walk-forward,0.000254473181180214,0.004411130425153974,0.005876976483631691,0.7505781990858172,0.4529065454921516,0.00034333765524974247,7,1341,pós-submissão; não consta do artigo
artigo (05/08/2019–30/12/2024),Random Forest,mesmo dia (D−1→D),bruto,0.004755167881267071,-0.06929862326701709,0.02147994870666736,-3.2262005935566718,0.0012544540441303655,0.019581036863740575,7,1341,pós-submissão; não consta do artigo
artigo (05/08/2019–30/12/2024),Random Forest,mesmo dia (D−1→D),bruto,0.004755167881267071,-0.06929862326701709,0.022121889703248736,-3.1325815378620283,0.0017327629104688178,0.019581036863740575,5,1341,pós-submissão; não consta do artigo
artigo (05/08/2019–30/12/2024),Random Forest,mesmo dia (D−1→D),bruto,0.004755167881267071,-0.06929862326701709,0.02006146468592473,-3.4543152432752087,0.0005516920814863186,0.019581036863740575,10,1341,pós-submissão; não consta do artigo
artigo (05/08/2019–30/12/2024),Random Forest,mesmo dia (D−1→D),menos a média do seu bloco do walk-forward,0.0002773472309215681,-0.09782987628940827,0.022883854094999344,-4.275061179960345,1.9108481509767982e-05,0.02883626755227875,7,1341,pós-submissão; não consta do artigo
artigo (05/08/2019–30/12/2024),Random Forest,dia seguinte (D→D+1),bruto,0.0001549861307820234,0.0015396587232583876,0.014116683901095694,0.109066600488156,0.9131496657657872,9.672735329480098e-06,7,1341,pós-submissão; não consta do artigo
artigo (05/08/2019–30/12/2024),Random Forest,dia seguinte (D→D+1),bruto,0.0001549861307820234,0.0015396587232583876,0.014441232812736592,0.10661546304415714,0.9150940507732599,9.672735329480098e-06,5,1341,pós-submissão; não consta do artigo
artigo (05/08/2019–30/12/2024),Random Forest,dia seguinte (D→D+1),bruto,0.0001549861307820234,0.0015396587232583876,0.013686355172086112,0.11249589126538126,0.910430227360195,9.672735329480098e-06,10,1341,pós-submissão; não consta do artigo
artigo (05/08/2019–30/12/2024),Random Forest,dia seguinte (D→D+1),menos a média do seu bloco do walk-forward,0.000254473181180214,-0.0025322044642312473,0.017144577326755773,-0.14769710655272306,0.8825818152291961,1.9333366194751456e-05,7,1341,pós-submissão; não consta do artigo
completo (05/08/2019–17/11/2025),Regressão Logística,mesmo dia (D−1→D),bruto,0.0005265309431566761,-0.02565343068942696,0.005399365347606805,-4.751193712201285,2.022192897547786e-06,0.014116105906757714,7,1552,pós-submissão; não consta do artigo
completo (05/08/2019–17/11/2025),Regressão Logística,mesmo dia (D−1→D),bruto,0.0005265309431566761,-0.02565343068942696,0.005359365553047817,-4.786654396962736,1.695844879418019e-06,0.014116105906757714,5,1552,pós-submissão; não consta do artigo
completo (05/08/2019–17/11/2025),Regressão Logística,mesmo dia (D−1→D),bruto,0.0005265309431566761,-0.02565343068942696,0.00554913331939464,-4.6229616793970845,3.782996284307827e-06,0.014116105906757714,10,1552,pós-submissão; não consta do artigo
completo (05/08/2019–17/11/2025),Regressão Logística,mesmo dia (D−1→D),menos a média do seu bloco do walk-forward,0.00040624520659273203,-0.02706183783475264,0.00514944053940692,-5.255296692457673,1.4778603001275798e-07,0.014911644506238275,7,1552,pós-submissão; não consta do artigo
completo (05/08/2019–17/11/2025),Regressão Logística,dia seguinte (D→D+1),bruto,0.0003849238472473644,0.00263674981551273,0.005231860438265916,0.5039793868023499,0.6142758623271163,0.00014914276626620815,7,1552,pós-submissão; não consta do artigo
completo (05/08/2019–17/11/2025),Regressão Logística,dia seguinte (D→D+1),bruto,0.0003849238472473644,0.00263674981551273,0.005171064258500206,0.5099046702385173,0.6101182499009532,0.00014914276626620815,5,1552,pós-submissão; não consta do artigo
completo (05/08/2019–17/11/2025),Regressão Logística,dia seguinte (D→D+1),bruto,0.0003849238472473644,0.00263674981551273,0.005480185346934696,0.48114245205001654,0.6304152581754405,0.00014914276626620815,10,1552,pós-submissão; não consta do artigo
completo (05/08/2019–17/11/2025),Regressão Logística,dia seguinte (D→D+1),menos a média do seu bloco do walk-forward,0.00039728723823134456,0.0026408289629966364,0.005090282004395214,0.5187981649575422,0.6039014977243534,0.00014201422832527122,7,1552,pós-submissão; não consta do artigo
completo (05/08/2019–17/11/2025),Random Forest,mesmo dia (D−1→D),bruto,0.004227392839139422,-0.06320438318242655,0.01943129288726334,-3.2527111576736734,0.0011430962890623974,0.01799843570231141,7,1552,pós-submissão; não consta do artigo
completo (05/08/2019–17/11/2025),Random Forest,mesmo dia (D−1→D),bruto,0.004227392839139422,-0.06320438318242655,0.019956686411713536,-3.167078034824903,0.0015397899347853368,0.01799843570231141,5,1552,pós-submissão; não consta do artigo
completo (05/08/2019–17/11/2025),Random Forest,mesmo dia (D−1→D),bruto,0.004227392839139422,-0.06320438318242655,0.018300276371593954,-3.4537392714207105,0.0005528716107702557,0.01799843570231141,10,1552,pós-submissão; não consta do artigo
completo (05/08/2019–17/11/2025),Random Forest,mesmo dia (D−1→D),menos a média do seu bloco do walk-forward,0.00040624520659273203,-0.09363778038388933,0.021844694453945514,-4.286522779309316,1.8149159965713403e-05,0.026467231433496052,7,1552,pós-submissão; não consta do artigo
completo (05/08/2019–17/11/2025),Random Forest,dia seguinte (D→D+1),bruto,0.0005915158183857083,-0.0032126729416296473,0.012799996753194811,-0.2509901372301349,0.8018217345247413,4.6506508899368804e-05,7,1552,pós-submissão; não consta do artigo
completo (05/08/2019–17/11/2025),Random Forest,dia seguinte (D→D+1),bruto,0.0005915158183857083,-0.0032126729416296473,0.01310729899012329,-0.24510564259276335,0.8063746340099471,4.6506508899368804e-05,5,1552,pós-submissão; não consta do artigo
completo (05/08/2019–17/11/2025),Random Forest,dia seguinte (D→D+1),bruto,0.0005915158183857083,-0.0032126729416296473,0.01248511420625396,-0.257320268646031,0.796931547012795,4.6506508899368804e-05,10,1552,pós-submissão; não consta do artigo
completo (05/08/2019–17/11/2025),Random Forest,dia seguinte (D→D+1),menos a média do seu bloco do walk-forward,0.00039728723823134456,-0.004126755983544846,0.01636313160111038,-0.2521984229024235,0.8008876970281065,5.141196646829549e-05,7,1552,pós-submissão; não consta do artigo
