periodo,modelo,retorno,estatistica,estimativa,bloco,regra_bloco,ic95_inferior,ic95_superior,ic_inclui_zero,reamostragens,semente,rotulo
artigo (05/08/2019–30/12/2024),Regressão Logística,mesmo dia (D−1→D),pearson,-0.127402891899,11,n^(1/3) (principal),-0.177279589144,-0.0841282954941,False,2000,42,pós-submissão; não consta do artigo
artigo (05/08/2019–30/12/2024),Regressão Logística,mesmo dia (D−1→D),spearman,-0.14910833265,11,n^(1/3) (principal),-0.205162830204,-0.0971110023467,False,2000,42,pós-submissão; não consta do artigo
artigo (05/08/2019–30/12/2024),Regressão Logística,mesmo dia (D−1→D),pearson,-0.127402891899,5,sensibilidade,-0.176476410073,-0.0818337275928,False,2000,42,pós-submissão; não consta do artigo
artigo (05/08/2019–30/12/2024),Regressão Logística,mesmo dia (D−1→D),spearman,-0.14910833265,5,sensibilidade,-0.204891863422,-0.0962612789854,False,2000,42,pós-submissão; não consta do artigo
artigo (05/08/2019–30/12/2024),Regressão Logística,mesmo dia (D−1→D),pearson,-0.127402891899,10,sensibilidade,-0.179231951319,-0.0862511125092,False,2000,42,pós-submissão; não consta do artigo
artigo (05/08/2019–30/12/2024),Regressão Logística,mesmo dia (D−1→D),spearman,-0.14910833265,10,sensibilidade,-0.206240492971,-0.0986438042467,False,2000,42,pós-submissão; não consta do artigo
artigo (05/08/2019–30/12/2024),Regressão Logística,mesmo dia (D−1→D),pearson,-0.127402891899,20,sensibilidade,-0.179939184652,-0.0842754680242,False,2000,42,pós-submissão; não consta do artigo
artigo (05/08/2019–30/12/2024),Regressão Logística,mesmo dia (D−1→D),spearman,-0.14910833265,20,sensibilidade,-0.203976295099,-0.0940292377088,False,2000,42,pós-submissão; não consta do artigo
artigo (05/08/2019–30/12/2024),Regressão Logística,dia seguinte (D→D+1),pearson,0.0201949005524,11,n^(1/3) (principal),-0.0313503379766,0.078108684678,True,2000,42,pós-submissão; não consta do artigo
artigo (05/08/2019–30/12/2024),Regressão Logística,dia seguinte (D→D+1),spearman,0.0249237165675,11,n^(1/3) (principal),-0.0269117061105,0.0798741402174,True,2000,42,pós-submissão; não consta do artigo
artigo (05/08/2019–30/12/2024),Regressão Logística,dia seguinte (D→D+1),pearson,0.0201949005524,5,sensibilidade,-0.0280939592879,0.0748322231376,True,2000,42,pós-submissão; não consta do artigo
artigo (05/08/2019–30/12/2024),Regressão Logística,dia seguinte (D→D+1),spearman,0.0249237165675,5,sensibilidade,-0.0277427263689,0.0789321886273,True,2000,42,pós-submissão; não consta do artigo
artigo (05/08/2019–30/12/2024),Regressão Logística,dia seguinte (D→D+1),pearson,0.0201949005524,10,sensibilidade,-0.0300885670259,0.0772247419213,True,2000,42,pós-submissão; não consta do artigo
artigo (05/08/2019–30/12/2024),Regressão Logística,dia seguinte (D→D+1),spearman,0.0249237165675,10,sensibilidade,-0.0248993830347,0.0778307954902,True,2000,42,pós-submissão; não consta do artigo
artigo (05/08/2019–30/12/2024),Regressão Logística,dia seguinte (D→D+1),pearson,0.0201949005524,20,sensibilidade,-0.030204753959,0.083816129501,True,2000,42,pós-submissão; não consta do artigo
artigo (05/08/2019–30/12/2024),Regressão Logística,dia seguinte (D→D+1),spearman,0.0249237165675,20,sensibilidade,-0.0244296457108,0.0806228361308,True,2000,42,pós-submissão; não consta do artigo
artigo (05/08/2019–30/12/2024),Random Forest,mesmo dia (D−1→D),pearson,-0.139932258124,11,n^(1/3) (principal),-0.200147197345,-0.0730967149998,False,2000,42,pós-submissão; não consta do artigo
artigo (05/08/2019–30/12/2024),Random Forest,mesmo dia (D−1→D),spearman,-0.124600036654,11,n^(1/3) (principal),-0.169666675332,-0.0745621356511,False,2000,42,pós-submissão; não consta do artigo
artigo (05/08/2019–30/12/2024),Random Forest,mesmo dia (D−1→D),pearson,-0.139932258124,5,sensibilidade,-0.205185059102,-0.0598806365882,False,2000,42,pós-submissão; não consta do artigo
artigo (05/08/2019–30/12/2024),Random Forest,mesmo dia (D−1→D),spearman,-0.124600036654,5,sensibilidade,-0.172333375847,-0.0719259786884,False,2000,42,pós-submissão; não consta do artigo
artigo (05/08/2019–30/12/2024),Random Forest,mesmo dia (D−1→D),pearson,-0.139932258124,10,sensibilidade,-0.200270971751,-0.0711081432419,False,2000,42,pós-submissão; não consta do artigo
artigo (05/08/2019–30/12/2024),Random Forest,mesmo dia (D−1→D),spearman,-0.124600036654,10,sensibilidade,-0.17248753234,-0.0719394316657,False,2000,42,pós-submissão; não consta do artigo
artigo (05/08/2019–30/12/2024),Random Forest,mesmo dia (D−1→D),pearson,-0.139932258124,20,sensibilidade,-0.192446569822,-0.0787189842019,False,2000,42,pós-submissão; não consta do artigo
artigo (05/08/2019–30/12/2024),Random Forest,mesmo dia (D−1→D),spearman,-0.124600036654,20,sensibilidade,-0.170322481141,-0.0746067135644,False,2000,42,pós-submissão; não consta do artigo
artigo (05/08/2019–30/12/2024),Random Forest,dia seguinte (D→D+1),pearson,0.00311010214131,11,n^(1/3) (principal),-0.053435226438,0.0573556525468,True,2000,42,pós-submissão; não consta do artigo
artigo (05/08/2019–30/12/2024),Random Forest,dia seguinte (D→D+1),spearman,0.00633832607335,11,n^(1/3) (principal),-0.0431980656992,0.0566844217153,True,2000,42,pós-submissão; não consta do artigo
artigo (05/08/2019–30/12/2024),Random Forest,dia seguinte (D→D+1),pearson,0.00311010214131,5,sensibilidade,-0.0563144594868,0.060572400297,True,2000,42,pós-submissão; não consta do artigo
artigo (05/08/2019–30/12/2024),Random Forest,dia seguinte (D→D+1),spearman,0.00633832607335,5,sensibilidade,-0.0432376893536,0.0558277332352,True,2000,42,pós-submissão; não consta do artigo
artigo (05/08/2019–30/12/2024),Random Forest,dia seguinte (D→D+1),pearson,0.00311010214131,10,sensibilidade,-0.0561010490402,0.0574183811217,True,2000,42,pós-submissão; não consta do artigo
artigo (05/08/2019–30/12/2024),Random Forest,dia seguinte (D→D+1),spearman,0.00633832607335,10,sensibilidade,-0.0422675412876,0.0602106934194,True,2000,42,pós-submissão; não consta do artigo
artigo (05/08/2019–30/12/2024),Random Forest,dia seguinte (D→D+1),pearson,0.00311010214131,20,sensibilidade,-0.050236283455,0.0590512250498,True,2000,42,pós-submissão; não consta do artigo
artigo (05/08/2019–30/12/2024),Random Forest,dia seguinte (D→D+1),spearman,0.00633832607335,20,sensibilidade,-0.0427124977099,0.0574558490559,True,2000,42,pós-submissão; não consta do artigo
completo (05/08/2019–17/11/2025),Regressão Logística,mesmo dia (D−1→D),pearson,-0.118811219616,12,n^(1/3) (principal),-0.163299991196,-0.077563685733,False,2000,42,pós-submissão; não consta do artigo
completo (05/08/2019–17/11/2025),Regressão Logística,mesmo dia (D−1→D),spearman,-0.133981003833,12,n^(1/3) (principal),-0.183567318277,-0.0849265456514,False,2000,42,pós-submissão; não consta do artigo
completo (05/08/2019–17/11/2025),Regressão Logística,mesmo dia (D−1→D),pearson,-0.118811219616,5,sensibilidade,-0.163844430074,-0.0747123564801,False,2000,42,pós-submissão; não consta do artigo
completo (05/08/2019–17/11/2025),Regressão Logística,mesmo dia (D−1→D),spearman,-0.133981003833,5,sensibilidade,-0.182954192691,-0.086115596864,False,2000,42,pós-submissão; não consta do artigo
completo (05/08/2019–17/11/2025),Regressão Logística,mesmo dia (D−1→D),pearson,-0.118811219616,10,sensibilidade,-0.163910318634,-0.0797867474785,False,2000,42,pós-submissão; não consta do artigo
completo (05/08/2019–17/11/2025),Regressão Logística,mesmo dia (D−1→D),spearman,-0.133981003833,10,sensibilidade,-0.182839689408,-0.0852398968678,False,2000,42,pós-submissão; não consta do artigo
completo (05/08/2019–17/11/2025),Regressão Logística,mesmo dia (D−1→D),pearson,-0.118811219616,20,sensibilidade,-0.166871920962,-0.0798643424652,False,2000,42,pós-submissão; não consta do artigo
completo (05/08/2019–17/11/2025),Regressão Logística,mesmo dia (D−1→D),spearman,-0.133981003833,20,sensibilidade,-0.182919591884,-0.0851837191081,False,2000,42,pós-submissão; não consta do artigo
completo (05/08/2019–17/11/2025),Regressão Logística,dia seguinte (D→D+1),pearson,0.0122124021497,12,n^(1/3) (principal),-0.0354459021734,0.0659615323957,True,2000,42,pós-submissão; não consta do artigo
completo (05/08/2019–17/11/2025),Regressão Logística,dia seguinte (D→D+1),spearman,0.018209830006,12,n^(1/3) (principal),-0.0316638109414,0.0689386302286,True,2000,42,pós-submissão; não consta do artigo
completo (05/08/2019–17/11/2025),Regressão Logística,dia seguinte (D→D+1),pearson,0.0122124021497,5,sensibilidade,-0.0355996084136,0.0612085541395,True,2000,42,pós-submissão; não consta do artigo
completo (05/08/2019–17/11/2025),Regressão Logística,dia seguinte (D→D+1),spearman,0.018209830006,5,sensibilidade,-0.0314327924564,0.0688815509676,True,2000,42,pós-submissão; não consta do artigo
completo (05/08/2019–17/11/2025),Regressão Logística,dia seguinte (D→D+1),pearson,0.0122124021497,10,sensibilidade,-0.0356752684506,0.0646515305609,True,2000,42,pós-submissão; não consta do artigo
completo (05/08/2019–17/11/2025),Regressão Logística,dia seguinte (D→D+1),spearman,0.018209830006,10,sensibilidade,-0.0326210177231,0.0677287258539,True,2000,42,pós-submissão; não consta do artigo
completo (05/08/2019–17/11/2025),Regressão Logística,dia seguinte (D→D+1),pearson,0.0122124021497,20,sensibilidade,-0.0379716647883,0.0654856099094,True,2000,42,pós-submissão; não consta do artigo
completo (05/08/2019–17/11/2025),Regressão Logística,dia seguinte (D→D+1),spearman,0.018209830006,20,sensibilidade,-0.0313428601523,0.0648052573418,True,2000,42,pós-submissão; não consta do artigo
completo (05/08/2019–17/11/2025),Random Forest,mesmo dia (D−1→D),pearson,-0.13415824873,12,n^(1/3) (principal),-0.188001610646,-0.0700126767955,False,2000,42,pós-submissão; não consta do artigo
completo (05/08/2019–17/11/2025),Random Forest,mesmo dia (D−1→D),spearman,-0.111027614849,12,n^(1/3) (principal),-0.154738038564,-0.060979138887,False,2000,42,pós-submissão; não consta do artigo
completo (05/08/2019–17/11/2025),Random Forest,mesmo dia (D−1→D),pearson,-0.13415824873,5,sensibilidade,-0.195926875569,-0.0562720792434,False,2000,42,pós-submissão; não consta do artigo
completo (05/08/2019–17/11/2025),Random Forest,mesmo dia (D−1→D),spearman,-0.111027614849,5,sensibilidade,-0.158364266968,-0.06613697271,False,2000,42,pós-submissão; não consta do artigo
completo (05/08/2019–17/11/2025),Random Forest,mesmo dia (D−1→D),pearson,-0.13415824873,10,sensibilidade,-0.19059184126,-0.0682183865612,False,2000,42,pós-submissão; não consta do artigo
completo (05/08/2019–17/11/2025),Random Forest,mesmo dia (D−1→D),spearman,-0.111027614849,10,sensibilidade,-0.155015074478,-0.0606411784307,False,2000,42,pós-submissão; não consta do artigo
completo (05/08/2019–17/11/2025),Random Forest,mesmo dia (D−1→D),pearson,-0.13415824873,20,sensibilidade,-0.1850206771,-0.0745356611997,False,2000,42,pós-submissão; não consta do artigo
completo (05/08/2019–17/11/2025),Random Forest,mesmo dia (D−1→D),spearman,-0.111027614849,20,sensibilidade,-0.150782934118,-0.0634380515394,False,2000,42,pós-submissão; não consta do artigo
completo (05/08/2019–17/11/2025),Random Forest,dia seguinte (D→D+1),pearson,-0.00681956808747,12,n^(1/3) (principal),-0.0609764932461,0.0441666193202,True,2000,42,pós-submissão; não consta do artigo
completo (05/08/2019–17/11/2025),Random Forest,dia seguinte (D→D+1),spearman,-0.00545422933284,12,n^(1/3) (principal),-0.0541999364154,0.0426597958095,True,2000,42,pós-submissão; não consta do artigo
completo (05/08/2019–17/11/2025),Random Forest,dia seguinte (D→D+1),pearson,-0.00681956808747,5,sensibilidade,-0.0615442647095,0.044294713627,True,2000,42,pós-submissão; não consta do artigo
completo (05/08/2019–17/11/2025),Random Forest,dia seguinte (D→D+1),spearman,-0.00545422933284,5,sensibilidade,-0.053526846012,0.0381003791178,True,2000,42,pós-submissão; não consta do artigo
completo (05/08/2019–17/11/2025),Random Forest,dia seguinte (D→D+1),pearson,-0.00681956808747,10,sensibilidade,-0.0608623532011,0.0450156760574,True,2000,42,pós-submissão; não consta do artigo
completo (05/08/2019–17/11/2025),Random Forest,dia seguinte (D→D+1),spearman,-0.00545422933284,10,sensibilidade,-0.0540449698484,0.0421673994064,True,2000,42,pós-submissão; não consta do artigo
completo (05/08/2019–17/11/2025),Random Forest,dia seguinte (D→D+1),pearson,-0.00681956808747,20,sensibilidade,-0.0598460820898,0.0478570957018,True,2000,42,pós-submissão; não consta do artigo
completo (05/08/2019–17/11/2025),Random Forest,dia seguinte (D→D+1),spearman,-0.00545422933284,20,sensibilidade,-0.0488125057055,0.0415321516665,True,2000,42,pós-submissão; não consta do artigo
