periodo,serie,adf_stat,adf_p,adf_lags,kpss_stat,kpss_p,kpss_lags,rotulo
artigo (05/08/2019–30/12/2024),sentimento — Regressão Logística,-7.70808311231,1.28553342507e-11,10,2.62776439378,0.01,14,pós-submissão; não consta do artigo
artigo (05/08/2019–30/12/2024),"sentimento — Regressão Logística, menos a média do seu bloco do walk-forward",-17.1170643112,7.29933479129e-30,2,0.0677095255936,0.1,12,pós-submissão; não consta do artigo
artigo (05/08/2019–30/12/2024),sentimento — Random Forest,-3.38023431485,0.0116514229353,18,4.15770468146,0.01,18,pós-submissão; não consta do artigo
artigo (05/08/2019–30/12/2024),"sentimento — Random Forest, menos a média do seu bloco do walk-forward",-11.6349363212,2.21648902063e-21,5,0.106866816009,0.1,13,pós-submissão; não consta do artigo
artigo (05/08/2019–30/12/2024),retorno diário do Ibovespa,-12.2935021179,7.73165662752e-23,6,0.0380923996725,0.1,3,pós-submissão; não consta do artigo
completo (05/08/2019–17/11/2025),sentimento — Regressão Logística,-8.2451903302,5.57860244283e-13,10,2.29684894553,0.01,16,pós-submissão; não consta do artigo
completo (05/08/2019–17/11/2025),"sentimento — Regressão Logística, menos a média do seu bloco do walk-forward",-10.959723693,8.38569997342e-20,8,0.0642817102639,0.1,13,pós-submissão; não consta do artigo
completo (05/08/2019–17/11/2025),sentimento — Random Forest,-3.11919032859,0.0251652308356,18,4.60343258135,0.01,23,pós-submissão; não consta do artigo
completo (05/08/2019–17/11/2025),"sentimento — Random Forest, menos a média do seu bloco do walk-forward",-12.5945184441,1.79094708533e-23,5,0.0844995497363,0.1,16,pós-submissão; não consta do artigo
completo (05/08/2019–17/11/2025),retorno diário do Ibovespa,-13.2779336004,7.79712056692e-25,6,0.0352806396881,0.1,8,pós-submissão; não consta do artigo
