lag,event_q,cagr,sharpe,vol_anual,max_drawdown,turnover,n_trades,hit_rate,exposure,total_cost,limiar,modelo,rotulo
0.0,0.9,-0.031602171606589846,-0.08037478496813985,0.18393643126469547,-0.45514853352075,160.0,160,0.10141685309470544,0.19164802386278895,0.08,artigo: quantis do período inteiro,Regressão Logística,pós-submissão; não consta do artigo
0.0,0.9,-0.04222391042511242,-0.13231208009969211,0.1884599842465466,-0.4998996728743228,116.0,115,0.10067114093959731,0.19686800894854586,0.057999999999999996,artigo: quantis do período inteiro,Random Forest,pós-submissão; não consta do artigo
0.0,0.95,-0.03309387962497867,-0.09935211365796784,0.1769609776647023,-0.4551485335207499,100.0,100,0.06263982102908278,0.11782252050708426,0.05,artigo: quantis do período inteiro,Regressão Logística,pós-submissão; não consta do artigo
0.0,0.95,-0.02115061718014577,-0.028645972993540807,0.1780740903563732,-0.4562079000158227,66.0,66,0.07084265473527218,0.13795674869500374,0.033,artigo: quantis do período inteiro,Random Forest,pós-submissão; não consta do artigo
1.0,0.9,-0.011518686415153634,0.033229746752521314,0.18639885792565594,-0.4618203783319731,160.0,160,0.09992542878448919,0.19164802386278895,0.08,artigo: quantis do período inteiro,Regressão Logística,pós-submissão; não consta do artigo
1.0,0.9,-0.004068973340246362,0.0733452566889107,0.1864560410252748,-0.3713855582736265,116.0,115,0.10141685309470544,0.19686800894854586,0.057999999999999996,artigo: quantis do período inteiro,Random Forest,pós-submissão; não consta do artigo
1.0,0.95,-0.05083699025371813,-0.20001031116534704,0.1788128179723253,-0.460564578680989,100.0,100,0.05891126025354213,0.11782252050708426,0.05,artigo: quantis do período inteiro,Regressão Logística,pós-submissão; não consta do artigo
1.0,0.95,0.006872899011361344,0.12972559088626762,0.17863080856787794,-0.3598905780106896,66.0,66,0.07084265473527218,0.13795674869500374,0.033,artigo: quantis do período inteiro,Random Forest,pós-submissão; não consta do artigo
2.0,0.9,-0.02410160348854229,-0.038486015207096935,0.18391249858194864,-0.46271533979140855,160.0,160,0.09619686800894854,0.19164802386278895,0.08,artigo: quantis do período inteiro,Regressão Logística,pós-submissão; não consta do artigo
2.0,0.9,0.03920288692456153,0.30655266495614836,0.1771442744756549,-0.3050284885543014,116.0,115,0.09992542878448919,0.19686800894854586,0.057999999999999996,artigo: quantis do período inteiro,Random Forest,pós-submissão; não consta do artigo
2.0,0.95,-0.04952361682922657,-0.20055336972433585,0.17491822052172898,-0.4700098533615811,100.0,100,0.05667412378821775,0.11782252050708426,0.05,artigo: quantis do período inteiro,Regressão Logística,pós-submissão; não consta do artigo
2.0,0.95,0.05149360689782423,0.38281998242322635,0.16880292099903835,-0.30502848855430154,66.0,66,0.07084265473527218,0.13795674869500374,0.033,artigo: quantis do período inteiro,Random Forest,pós-submissão; não consta do artigo
0.0,0.9,-0.05041298545615047,-0.3076622591367215,0.1365470832101744,-0.3847785151968469,208.0,208,0.10961968680089486,0.2162565249813572,0.10400000000000001,sem look-ahead: quantis dos 60 pregões anteriores,Regressão Logística,pós-submissão; não consta do artigo
0.0,0.9,-0.054826421976857276,-0.24787221457797348,0.1683026318069189,-0.4736693926925323,198.0,198,0.10216256524981357,0.1894108873974646,0.099,sem look-ahead: quantis dos 60 pregões anteriores,Random Forest,pós-submissão; não consta do artigo
0.0,0.95,-0.04897408993972219,-0.34008944340212216,0.1239265946352417,-0.3785749670642131,138.0,138,0.0738255033557047,0.13944817300521997,0.069,sem look-ahead: quantis dos 60 pregões anteriores,Regressão Logística,pós-submissão; não consta do artigo
0.0,0.95,-0.06818017241167995,-0.384983668023559,0.15206655077443107,-0.4201254457381979,126.0,126,0.06785980611483967,0.12304250559284116,0.063,sem look-ahead: quantis dos 60 pregões anteriores,Random Forest,pós-submissão; não consta do artigo
1.0,0.9,-0.04039430866217053,-0.19079116326869774,0.1532826150251016,-0.3835150752793126,208.0,208,0.10663683818046234,0.2162565249813572,0.10400000000000001,sem look-ahead: quantis dos 60 pregões anteriores,Regressão Logística,pós-submissão; não consta do artigo
1.0,0.9,-0.06256277504954322,-0.3043631765277306,0.1657040725702541,-0.38151894604781666,198.0,198,0.09545115585384041,0.1894108873974646,0.099,sem look-ahead: quantis dos 60 pregões anteriores,Random Forest,pós-submissão; não consta do artigo
1.0,0.95,-0.026350094604373986,-0.11918845798079587,0.13992822101845548,-0.38351507527931283,138.0,138,0.07307979120059657,0.13944817300521997,0.069,sem look-ahead: quantis dos 60 pregões anteriores,Regressão Logística,pós-submissão; não consta do artigo
1.0,0.95,-0.08280682533705441,-0.49282588389237314,0.15123108185506445,-0.4012779217373138,126.0,126,0.061894108873974646,0.12304250559284116,0.063,sem look-ahead: quantis dos 60 pregões anteriores,Random Forest,pós-submissão; não consta do artigo
2.0,0.9,-0.07314783794867952,-0.3897723948384629,0.1606721831152754,-0.4066547822736226,208.0,208,0.10365398956002983,0.2162565249813572,0.10400000000000001,sem look-ahead: quantis dos 60 pregões anteriores,Regressão Logística,pós-submissão; não consta do artigo
2.0,0.9,-0.0054329080247706996,0.046021233862093024,0.15834660112374468,-0.30905187867973705,198.0,198,0.10141685309470544,0.1894108873974646,0.099,sem look-ahead: quantis dos 60 pregões anteriores,Random Forest,pós-submissão; não consta do artigo
2.0,0.95,-0.0695152532931772,-0.40296805373270234,0.14985339387187363,-0.4234180184860681,138.0,138,0.06711409395973154,0.13944817300521997,0.069,sem look-ahead: quantis dos 60 pregões anteriores,Regressão Logística,pós-submissão; não consta do artigo
2.0,0.95,-0.022013122389882733,-0.07613210879466166,0.147262236085284,-0.30538251793687843,126.0,126,0.06636838180462341,0.12304250559284116,0.063,sem look-ahead: quantis dos 60 pregões anteriores,Random Forest,pós-submissão; não consta do artigo
,,0.03247989318783473,0.25456565012002297,0.25190846301211184,-0.4681580884813601,0.0,0,0.5108128262490679,1.0,0.0,Ibovespa buy-and-hold — mesmas linhas e retorno das estratégias (D→D+1),,pós-submissão; não consta do artigo
