tau,n_boot,caar_neg_mean,caar_neg_ci_low,caar_neg_ci_high,n_events_neg,caar_pos_mean,caar_pos_ci_low,caar_pos_ci_high,n_events_pos,cenario,rotulo
0,1000,0.00344122230242,0.00154034147528,0.00528304226182,135,-0.00606970366178,-0.0109129136484,-0.00147561522397,135,"artigo: retorno bruto, dias corridos, [0, τ]",pós-submissão; não consta do artigo
1,1000,0.0029965700774,7.45078815631e-06,0.00612186950642,89,-0.00146492016281,-0.0072445442042,0.00507183186884,104,"artigo: retorno bruto, dias corridos, [0, τ]",pós-submissão; não consta do artigo
2,1000,0.00158425300359,-0.00277484819081,0.00582783126272,62,-0.00550693656039,-0.0164188651306,0.00585037795714,73,"artigo: retorno bruto, dias corridos, [0, τ]",pós-submissão; não consta do artigo
3,1000,-0.00175132635273,-0.00809612223413,0.0042338142987,49,-0.00831581758869,-0.028778914758,0.00954180344382,41,"artigo: retorno bruto, dias corridos, [0, τ]",pós-submissão; não consta do artigo
4,1000,-0.00406398385233,-0.01139716892,0.00385283562673,24,-0.0286766009615,-0.0656889492467,0.00209629631593,15,"artigo: retorno bruto, dias corridos, [0, τ]",pós-submissão; não consta do artigo
0,2000,0.00319570974967,0.00124390785769,0.0050796917129,135,-0.00594812597627,-0.0108746055998,-0.00132430646803,135,"anormal (média t−60..t−1), pregões, [0, τ]",pós-submissão; não consta do artigo
1,2000,0.00350708368635,0.000918559785841,0.00601494189705,135,-0.00139103800848,-0.00677552397879,0.00451207896507,135,"anormal (média t−60..t−1), pregões, [0, τ]",pós-submissão; não consta do artigo
2,2000,0.00349421805584,0.000243284510782,0.00665278888147,135,-0.00509028635572,-0.0125817606811,0.00322561614634,135,"anormal (média t−60..t−1), pregões, [0, τ]",pós-submissão; não consta do artigo
3,2000,0.00362400784525,-0.000216370962734,0.00740899125165,135,-0.00404010574679,-0.0128323771887,0.00493800079884,135,"anormal (média t−60..t−1), pregões, [0, τ]",pós-submissão; não consta do artigo
4,2000,0.00243124287542,-0.00169360793872,0.00667542990781,135,-0.00413621970829,-0.0129343906909,0.00555577075245,135,"anormal (média t−60..t−1), pregões, [0, τ]",pós-submissão; não consta do artigo
1,2000,0.000311373936679,-0.00127584147199,0.0019369902116,135,0.00455708796779,0.000175146341143,0.00926014950675,135,"anormal (média t−60..t−1), pregões, [1, τ] (sem o dia do evento)",pós-submissão; não consta do artigo
2,2000,0.000298508306172,-0.00207037557593,0.00263038968051,135,0.000857839620553,-0.00549976465327,0.00711168287213,135,"anormal (média t−60..t−1), pregões, [1, τ] (sem o dia do evento)",pós-submissão; não consta do artigo
3,2000,0.000428298095588,-0.00248795103387,0.0034436208366,135,0.00190802022948,-0.00528110861483,0.00895172682617,135,"anormal (média t−60..t−1), pregões, [1, τ] (sem o dia do evento)",pós-submissão; não consta do artigo
4,2000,-0.000764466874244,-0.00440708511576,0.00285592157868,135,0.00181190626798,-0.00636616425799,0.0100384244425,135,"anormal (média t−60..t−1), pregões, [1, τ] (sem o dia do evento)",pós-submissão; não consta do artigo
